Timestamp,User Count,Type,Name,Requests/s,Failures/s,50%,66%,75%,80%,90%,95%,98%,99%,99.9%,99.99%,100%,Total Request Count,Total Failure Count,Total Median Response Time,Total Average Response Time,Total Min Response Time,Total Max Response Time,Total Average Content Size
1789519269,0,,Aggregated,0.000000,0.000000,N/A,N/A,N/A,N/A,N/A,N/A,N/A,N/A,N/A,N/A,N/A,0,0,0,0.0,0,0,0
1789519270,25,POST,/waiting-room/join,0.000000,0.000000,0,0,0,0,0,0,0,0,0,0,0,25,0,190,199.08335804000671,149.47742300000755,258.371984000064,233.64
1789519270,25,,Aggregated,0.000000,0.000000,0,0,0,0,0,0,0,0,0,0,0,25,0,190,199.08335804000671,149.47742300000755,258.371984000064,233.64
1789519271,50,POST,/checkout,0.000000,0.000000,0,0,0,0,0,0,0,0,0,0,0,20,0,140,162.512551899988,75.82431399998768,285.4132209999989,310.0
1789519271,50,POST,/waiting-room/join,0.000000,0.000000,100,110,110,110,120,130,140,140,140,140,140,50,0,140,152.04031770000483,85.38517300007697,258.371984000064,233.74
1789519271,50,GET,/waiting-room/status,0.000000,0.000000,0,0,0,0,0,0,0,0,0,0,0,25,0,43,50.0904580399947,5.260209999960352,102.41945300003863,259.4
1789519271,50,,Aggregated,0.000000,0.000000,100,110,120,140,170,240,270,290,290,290,290,95,0,110,127.41608814736706,5.260209999960352,285.4132209999989,256.5473684210526
1789519272,75,POST,/checkout,0.000000,0.000000,420,440,520,520,580,660,660,660,660,660,660,32,0,210,253.03701212499163,75.82431399998768,659.857785999975,310.0
1789519272,75,POST,/waiting-room/join,25.000000,0.000000,240,330,350,360,440,460,490,490,490,490,490,75,0,190,219.59741847999942,85.38517300007697,490.2549829999998,233.82666666666665
1789519272,75,GET,/waiting-room/status,0.000000,0.000000,140,150,160,160,180,180,190,190,190,190,190,55,0,100,96.94363345455176,5.260209999960352,191.10641000008854,257.0181818181818
1789519272,75,,Aggregated,25.000000,0.000000,140,170,260,300,370,460,520,580,660,660,660,162,0,150,184.5610531728397,5.260209999960352,659.857785999975,256.74691358024694
1789519273,100,POST,/checkout,10.000000,0.000000,400,470,660,790,890,1100,1200,1200,1200,1200,1200,54,0,290,374.128710759254,75.82431399998768,1193.7319849999994,310.0
1789519273,100,POST,/waiting-room/join,25.000000,0.000000,340,370,410,440,470,510,530,560,560,560,560,100,0,250,269.20185027,85.38517300007697,557.682653000029,233.87
1789519273,100,GET,/waiting-room/status,12.500000,0.000000,170,220,230,260,280,300,320,340,340,340,340,90,0,140,146.1131528000073,5.260209999960352,344.17638100001113,255.07777777777778
1789519273,100,,Aggregated,47.500000,0.000000,220,290,350,370,460,560,860,930,1200,1200,1200,244,0,200,247.02179983606706,5.260209999960352,1193.7319849999994,258.5409836065574
1789519274,125,POST,/checkout,10.333333,0.000000,350,440,550,580,850,930,1100,1200,1200,1200,1200,75,0,250,343.57378442666686,61.417820999963624,1193.7319849999994,310.0
1789519274,125,POST,/waiting-room/join,25.000000,0.000000,240,340,370,400,460,510,530,560,560,560,560,125,0,220,253.4032356160005,85.38517300007697,557.682653000029,233.896
1789519274,125,GET,/waiting-room/status,18.333333,0.000000,120,160,190,220,260,280,320,320,340,340,340,130,0,93,110.66000199231208,5.260209999960352,344.17638100001113,252.6846153846154
1789519274,125,,Aggregated,53.666667,0.000000,170,240,310,350,450,530,790,890,1200,1200,1200,330,0,180,217.66435922121406,5.260209999960352,1193.7319849999994,258.5939393939394
1789519275,150,POST,/checkout,10.333333,0.000000,270,400,440,520,750,890,1100,1200,1200,1200,1200,93,0,230,301.3500622688159,61.417820999963624,1193.7319849999994,310.0
1789519275,150,POST,/waiting-room/join,25.000000,0.000000,210,300,350,370,450,490,530,530,560,560,560,150,0,200,242.06318251333795,85.38517300007697,557.682653000029,233.91333333333333
1789519275,150,GET,/waiting-room/status,18.333333,0.000000,58,120,160,180,240,270,300,320,340,340,340,178,0,51,91.1256432584305,5.260209999960352,344.17638100001113,250.5
1789519275,150,,Aggregated,53.666667,0.000000,150,210,260,300,410,510,750,890,1200,1200,1200,421,0,160,191.34298733491968,5.260209999960352,1193.7319849999994,257.73396674584325
1789519276,175,POST,/checkout,12.250000,0.000000,250,350,420,520,750,890,1100,1200,1200,1200,1200,100,0,200,286.9727442399972,61.417820999963624,1193.7319849999994,310.0
1789519276,175,POST,/waiting-room/join,25.000000,0.000000,220,280,340,360,440,470,530,530,560,560,560,175,0,210,241.35435666857512,85.38517300007697,557.682653000029,233.9257142857143
1789519276,175,GET,/waiting-room/status,22.500000,0.000000,58,85,140,150,220,260,290,320,340,340,340,235,0,56,84.29436295744745,5.260209999960352,344.17638100001113,247.41276595744682
1789519276,175,,Aggregated,59.750000,0.000000,140,200,240,270,380,470,630,860,1200,1200,1200,510,0,140,177.9283571294127,5.260209999960352,1193.7319849999994,255.05686274509804
1789519277,200,POST,/checkout,15.500000,0.000000,200,290,400,420,630,860,1100,1200,1200,1200,1200,120,0,170,267.34785546666257,61.417820999963624,1193.7319849999994,310.0
1789519277,200,POST,/waiting-room/join,25.000000,0.000000,230,280,320,340,410,460,510,530,560,560,560,200,0,220,243.3580783150029,85.38517300007697,557.682653000029,233.935
1789519277,200,GET,/waiting-room/status,29.666667,0.000000,73,140,160,170,200,240,280,320,340,340,340,310,0,69,97.52845776774437,5.260209999960352,344.17638100001113,246.20322580645163
1789519277,200,,Aggregated,70.166667,0.000000,150,200,230,250,350,450,570,790,1200,1200,1200,630,0,150,176.1701273444457,5.260209999960352,1193.7319849999994,254.46031746031747
1789519278,225,POST,/checkout,14.285714,0.000000,160,250,350,400,580,850,930,1100,1200,1200,1200,140,0,150,242.0185249499956,44.05661100008729,1193.7319849999994,310.0
1789519278,225,POST,/waiting-room/join,25.000000,0.000000,210,250,300,330,400,460,510,530,560,560,560,225,0,210,225.55160634222528,65.45042100003684,557.682653000029,233.94222222222223
1789519278,225,GET,/waiting-room/status,33.571429,0.000000,52,98,140,150,190,220,270,300,340,340,340,392,0,51,81.81019682908243,4.728870999997525,344.17638100001113,245.34183673469389
1789519278,225,,Aggregated,72.857143,0.000000,110,170,210,240,330,420,550,750,1200,1200,1200,757,0,120,154.1628825323649,4.728870999997525,1193.7319849999994,253.9114927344782
1789519279,250,POST,/checkout,14.625000,0.000000,130,220,280,350,550,790,930,1100,1200,1200,1200,160,0,140,218.82620692499592,26.779368000006798,1193.7319849999994,310.0
1789519279,250,POST,/waiting-room/join,25.000000,0.000000,210,240,280,310,380,460,510,530,560,560,560,250,0,210,222.30470550800246,65.45042100003684,557.682653000029,233.948
1789519279,250,GET,/waiting-room/status,38.750000,0.000000,49,79,120,140,180,220,270,290,340,340,340,475,0,49,75.6079946800015,4.64663799994014,344.17638100001113,244.62105263157895
1789519279,250,,Aggregated,78.375000,0.000000,100,160,200,220,300,400,520,660,1200,1200,1200,885,0,110,142.94030164745823,4.64663799994014,1193.7319849999994,253.42598870056497
1789519280,275,POST,/checkout,15.555556,0.000000,130,180,250,320,520,750,890,1100,1200,1200,1200,180,0,130,204.7445064888854,25.671256000009635,1193.7319849999994,310.0
1789519280,275,POST,/waiting-room/join,25.000000,0.000000,210,240,280,310,380,460,510,530,560,560,560,275,0,200,210.4218521345478,43.64580300000398,557.682653000029,233.95272727272726
1789519280,275,GET,/waiting-room/status,43.333333,0.000000,38,64,99,130,180,200,260,280,340,340,340,567,0,38,66.34484594179922,4.64663799994014,344.17638100001113,244.010582010582
1789519280,275,,Aggregated,83.888889,0.000000,86,150,190,210,290,400,520,630,1200,1200,1200,1022,0,92,129.4887946712329,4.64663799994014,1193.7319849999994,252.926614481409
1789519281,300,POST,/checkout,15.800000,0.000000,130,170,200,250,400,660,890,1100,1200,1200,1200,200,0,130,200.7208045299983,25.671256000009635,1193.7319849999994,310.0
1789519281,300,POST,/waiting-room/join,25.000000,0.000000,200,220,240,250,340,430,510,530,560,560,560,300,0,200,209.5795748066701,43.64580300000398,557.682653000029,233.96
1789519281,300,GET,/waiting-room/status,47.300000,0.000000,45,64,84,100,160,200,260,280,340,340,340,661,0,47,67.22957149924359,4.64663799994014,344.17638100001113,243.54311649016643
1789519281,300,,Aggregated,88.100000,0.000000,81,130,180,200,240,320,510,630,1200,1200,1200,1161,0,92,127.00842386649514,4.64663799994014,1193.7319849999994,252.51507321274764
1789519282,325,POST,/checkout,17.900000,0.000000,120,150,180,200,270,350,550,580,630,630,630,212,0,140,203.60361163207358,25.671256000009635,1193.7319849999994,310.0
1789519282,325,POST,/waiting-room/join,25.000000,0.000000,200,220,240,250,300,350,400,410,430,430,430,325,0,210,219.28033228307908,43.64580300000398,557.682653000029,234.04
1789519282,325,GET,/waiting-room/status,56.400000,0.000000,51,79,110,140,210,260,290,310,370,370,370,760,0,57,88.27494180526335,4.64663799994014,371.5557389999731,242.87763157894736
1789519282,325,,Aggregated,99.300000,0.000000,86,150,190,200,250,290,350,400,580,630,630,1297,0,110,139.95299107941457,4.64663799994014,1193.7319849999994,251.63454124903623
1789519283,350,POST,/checkout,17.500000,0.000000,110,140,170,180,250,280,320,360,430,430,430,226,0,130,197.97642148672603,25.671256000009635,1193.7319849999994,310.0
1789519283,350,POST,/waiting-room/join,25.000000,0.000000,200,220,240,250,300,350,400,410,430,430,430,350,0,200,215.32016792857408,43.64580300000398,557.682653000029,234.10857142857142
1789519283,350,GET,/waiting-room/status,63.500000,0.000000,42,70,100,130,200,250,280,300,370,370,370,871,0,46,79.22248380826568,4.64663799994014,371.5557389999731,242.18369690011482
1789519283,350,,Aggregated,106.000000,0.000000,77,130,170,200,240,280,320,360,430,430,430,1447,0,95,130.68936657083665,4.64663799994014,1193.7319849999994,250.82239115411195
1789519284,375,POST,/checkout,16.900000,0.000000,110,130,150,170,230,280,350,360,430,430,430,240,0,130,191.95092680416641,25.671256000009635,1193.7319849999994,310.0
1789519284,375,POST,/waiting-room/join,25.000000,0.000000,190,220,240,250,300,350,400,410,430,430,430,375,0,200,210.31049680800234,43.64580300000398,557.682653000029,234.168
1789519284,375,GET,/waiting-room/status,67.700000,0.000000,38,64,88,110,200,250,280,300,370,370,370,995,0,41,73.40408343919505,4.64663799994014,371.5557389999731,241.61608040201006
1789519284,375,,Aggregated,109.600000,0.000000,69,110,150,180,240,280,320,360,430,430,430,1610,0,86,122.96380233416153,4.64663799994014,1193.7319849999994,250.0751552795031
1789519285,400,POST,/checkout,17.100000,0.000000,110,140,170,180,260,300,360,380,430,430,430,245,0,130,194.204943040816,25.671256000009635,1193.7319849999994,310.0
1789519285,400,POST,/waiting-room/join,25.000000,0.000000,190,220,280,310,510,560,610,620,630,630,630,400,0,200,232.36856827500262,43.64580300000398,626.7466020000256,234.22
1789519285,400,GET,/waiting-room/status,75.600000,0.000000,51,110,170,210,280,320,360,370,420,420,420,1129,0,52,97.1353565119561,4.64663799994014,422.0312479999393,241.28520814880426
1789519285,400,,Aggregated,117.700000,0.000000,87,150,200,220,300,360,430,560,620,630,630,1774,0,100,141.03351513923306,4.64663799994014,1193.7319849999994,249.18207440811724
1789519286,425,POST,/checkout,16.700000,0.000000,110,160,220,250,320,640,880,900,990,990,990,262,0,140,217.03806695801532,25.671256000009635,1193.7319849999994,310.0
1789519286,425,POST,/waiting-room/join,25.000000,0.000000,190,230,300,330,510,560,610,620,630,630,630,425,0,200,236.72505648941473,43.64580300000398,626.7466020000256,234.2658823529412
1789519286,425,GET,/waiting-room/status,82.800000,0.000000,56,110,190,210,270,320,360,370,420,420,420,1229,0,60,102.64028982261898,4.64663799994014,422.0312479999393,240.89096826688365
1789519286,425,,Aggregated,124.500000,0.000000,88,170,210,230,310,360,550,610,900,990,990,1916,0,110,148.02559433350729,4.64663799994014,1193.7319849999994,248.87160751565762
1789519287,450,POST,/checkout,14.700000,0.000000,130,230,280,320,500,670,880,900,990,990,990,285,0,140,227.45112240701732,25.671256000009635,1193.7319849999994,310.0
1789519287,450,POST,/waiting-room/join,22.700000,0.000000,210,280,320,360,510,560,610,620,630,630,630,450,0,210,241.26009021111474,43.64580300000398,626.7466020000256,234.30666666666667
1789519287,450,GET,/waiting-room/status,86.200000,0.000000,61,140,200,220,280,320,360,370,420,420,420,1390,0,58,102.74305008057429,4.64663799994014,422.0312479999393,240.5179856115108
1789519287,450,,Aggregated,123.600000,0.000000,100,190,230,250,320,390,550,610,900,990,990,2125,0,110,148.80162357317647,4.64663799994014,1193.7319849999994,248.52141176470587
1789519288,475,POST,/checkout,15.300000,0.000000,170,240,280,320,500,670,880,900,990,990,990,303,0,150,224.4521985577559,25.671256000009635,1193.7319849999994,310.0
1789519288,475,POST,/waiting-room/join,25.000000,0.000000,200,280,320,360,510,560,610,620,630,630,630,475,0,210,237.45989199789818,43.64580300000398,626.7466020000256,234.34315789473683
1789519288,475,GET,/waiting-room/status,91.600000,0.000000,49,110,190,220,270,320,360,370,410,420,420,1554,0,49,95.53766070463159,4.64663799994014,422.0312479999393,240.37323037323037
1789519288,475,,Aggregated,131.900000,0.000000,88,180,220,250,320,380,540,610,900,990,990,2332,0,99,141.1955358477698,4.64663799994014,1193.7319849999994,248.1916809605489
1789519289,500,POST,/checkout,15.100000,0.000000,180,250,300,320,500,670,880,900,990,990,990,320,0,150,219.29230646562593,25.671256000009635,1193.7319849999994,310.0
1789519289,500,POST,/waiting-room/join,24.100000,0.000000,230,300,350,380,510,560,610,620,630,630,630,500,0,210,238.6840514140031,43.64580300000398,626.7466020000256,234.376
1789519289,500,GET,/waiting-room/status,100.200000,0.000000,51,100,190,210,270,320,360,370,410,420,420,1716,0,45,90.59229987295863,4.508351999902516,422.0312479999393,239.98543123543124
1789519289,500,,Aggregated,139.400000,0.000000,87,180,220,250,320,380,530,600,900,990,990,2536,0,91,136.02994887933718,4.508351999902516,1193.7319849999994,247.7141167192429
1789519290,500,POST,/checkout,15.500000,0.000000,170,240,280,320,500,670,880,900,990,990,990,340,0,140,209.70325994999996,25.671256000009635,1193.7319849999994,310.0
1789519290,500,POST,/waiting-room/join,25.000000,0.000000,250,320,370,400,530,580,620,620,630,630,630,500,0,210,238.6840514140031,43.64580300000398,626.7466020000256,234.376
1789519290,500,GET,/waiting-room/status,106.700000,0.000000,38,78,170,210,270,320,360,370,410,420,420,1896,0,41,84.08506147995624,4.042606999973941,422.0312479999393,239.7821729957806
1789519290,500,,Aggregated,147.200000,0.000000,61,170,220,250,320,370,530,600,900,990,990,2736,0,79,127.94824950877151,4.042606999973941,1193.7319849999994,247.52010233918128
1789519291,500,POST,/checkout,15.600000,0.000000,150,230,280,320,500,670,880,900,990,990,990,344,0,140,208.3061959476742,25.671256000009635,1193.7319849999994,310.0
1789519291,500,POST,/waiting-room/join,25.000000,0.000000,230,290,360,420,540,580,620,620,630,630,630,500,0,210,238.6840514140031,43.64580300000398,626.7466020000256,234.376
1789519291,500,GET,/waiting-room/status,116.000000,0.000000,39,77,170,200,250,310,350,370,410,420,420,2041,0,44,87.27428032288009,4.042606999973941,422.0312479999393,239.6065654091132
1789519291,500,,Aggregated,156.600000,0.000000,59,150,200,220,300,370,530,600,900,990,990,2885,0,81,127.9466770370884,4.042606999973941,1193.7319849999994,247.09358752166378
1789519292,500,POST,/checkout,14.600000,0.000000,170,270,410,490,640,800,970,970,990,990,990,360,0,140,224.86546207500012,25.671256000009635,1193.7319849999994,310.0
1789519292,500,POST,/waiting-room/join,22.500000,0.000000,250,320,380,430,550,590,620,620,630,630,630,500,0,210,238.6840514140031,43.64580300000398,626.7466020000256,234.376
1789519292,500,GET,/waiting-room/status,123.400000,0.000000,49,140,200,220,280,310,350,370,410,420,420,2158,0,49,96.73726323076862,4.042606999973941,422.0312479999393,239.5477293790547
1789519292,500,,Aggregated,160.500000,0.000000,74,180,230,250,310,380,550,620,970,990,990,3018,0,87,135.53764284493064,4.042606999973941,1193.7319849999994,247.09476474486414
1789519293,500,POST,/checkout,14.700000,0.000000,240,450,520,600,720,880,990,1200,1200,1200,1200,380,0,150,248.77709916578996,25.671256000009635,1229.974263000031,310.0
1789519293,500,POST,/waiting-room/join,20.000000,0.000000,280,360,420,460,560,600,620,620,630,630,630,500,0,210,238.6840514140031,43.64580300000398,626.7466020000256,234.376
1789519293,500,GET,/waiting-room/status,128.300000,0.000000,69,160,210,230,280,320,430,460,480,500,500,2291,0,54,101.97276189262297,4.042606999973941,496.11701700007416,239.4316892186818
1789519293,500,,Aggregated,163.000000,0.000000,100,200,240,260,340,480,610,700,1200,1200,1200,3171,0,94,141.12170321223638,4.042606999973941,1229.974263000031,247.0911384421318
1789519295,500,POST,/checkout,14.300000,0.000000,280,490,560,610,720,880,990,1200,1200,1200,1200,391,0,160,254.77056613555084,25.671256000009635,1229.974263000031,310.0
1789519295,500,POST,/waiting-room/join,15.000000,0.000000,230,250,270,370,420,450,460,470,470,470,470,500,0,210,238.6840514140031,43.64580300000398,626.7466020000256,234.376
1789519295,500,GET,/waiting-room/status,132.500000,0.000000,69,160,200,230,270,300,430,460,480,500,500,2384,0,59,107.01022605578825,4.042606999973941,496.11701700007416,239.4991610738255
1789519295,500,,Aggregated,161.800000,0.000000,96,190,230,250,300,450,610,710,1200,1200,1200,3275,0,100,144.7541056436647,4.042606999973941,1229.974263000031,247.13404580152672
1789519296,500,POST,/checkout,14.800000,0.000000,370,500,580,610,770,1000,1200,1200,1300,1300,1300,418,0,170,280.3220472822964,25.671256000009635,1306.1449839999568,310.0
1789519296,500,POST,/waiting-room/join,12.500000,0.000000,210,230,370,380,430,450,460,470,470,470,470,500,0,210,238.6840514140031,43.64580300000398,626.7466020000256,234.376
1789519296,500,GET,/waiting-room/status,133.400000,0.000000,61,140,200,230,280,320,440,460,500,500,500,2475,0,61,111.27541684808075,4.042606999973941,496.2917490000791,239.4868686868687
1789519296,500,,Aggregated,160.700000,0.000000,87,180,230,260,360,470,630,790,1200,1300,1300,3393,0,110,150.87630361626944,4.042606999973941,1306.1449839999568,247.42057176539936
1789519297,500,POST,/checkout,15.000000,0.000000,320,500,590,630,770,1000,1200,1200,1300,1300,1300,439,0,180,281.41009119362144,25.671256000009635,1306.1449839999568,310.0
1789519297,500,POST,/waiting-room/join,12.300000,0.000000,230,250,370,370,380,400,420,420,420,420,420,500,0,210,238.6840514140031,43.64580300000398,626.7466020000256,234.376
1789519297,500,GET,/waiting-room/status,133.900000,0.000000,86,160,210,240,280,350,450,470,540,560,560,2554,0,63,111.14251373884088,4.042606999973941,561.6584800000055,239.5399373531715
1789519297,500,,Aggregated,161.200000,0.000000,110,190,240,260,360,470,640,860,1200,1300,1300,3493,0,110,150.7984643086178,4.042606999973941,1306.1449839999568,247.6561694818208
1789519298,500,POST,/checkout,16.400000,0.000000,420,560,610,640,860,1100,1200,1200,1300,1300,1300,440,0,180,280.888415379545,25.671256000009635,1306.1449839999568,310.0
1789519298,500,POST,/waiting-room/join,7.500000,0.000000,230,250,370,370,380,400,420,420,420,420,420,500,0,210,238.6840514140031,43.64580300000398,626.7466020000256,234.376
1789519298,500,GET,/waiting-room/status,131.400000,0.000000,100,180,230,250,290,370,460,470,560,560,560,2616,0,60,108.89622408295084,4.042606999973941,561.6584800000055,239.42928134556576
1789519298,500,,Aggregated,155.300000,0.000000,120,210,250,270,380,490,650,870,1200,1300,1300,3556,0,100,148.42672966113665,4.042606999973941,1306.1449839999568,247.45078740157481
1789519299,500,POST,/checkout,15.900000,0.000000,370,520,600,640,790,1100,1200,1200,1300,1300,1300,460,0,170,271.9234898521731,25.671256000009635,1306.1449839999568,310.0
1789519299,500,POST,/waiting-room/join,5.900000,0.000000,230,250,370,370,380,400,420,420,420,420,420,500,0,210,238.6840514140031,43.64580300000398,626.7466020000256,234.376
1789519299,500,GET,/waiting-room/status,122.800000,0.000000,130,200,240,260,290,380,460,480,560,560,560,2676,0,58,106.85571546038874,4.042606999973941,561.6584800000055,239.53139013452915
1789519299,500,,Aggregated,144.600000,0.000000,140,220,260,280,400,500,690,970,1200,1300,1300,3636,0,99,145.86708625165096,4.042606999973941,1306.1449839999568,247.73762376237624
1789519300,500,POST,/checkout,14.500000,0.000000,340,510,600,640,790,1100,1200,1200,1300,1300,1300,481,0,160,261.89692009355457,23.473612000088906,1306.1449839999568,310.0
1789519300,500,POST,/waiting-room/join,2.500000,0.000000,230,250,370,370,380,400,420,420,420,420,420,500,0,210,238.6840514140031,43.64580300000398,626.7466020000256,234.376
1789519300,500,GET,/waiting-room/status,114.200000,0.000000,150,220,250,270,290,400,460,480,560,560,560,2716,0,56,105.413108353461,4.042606999973941,561.6584800000055,239.6940353460972
1789519300,500,,Aggregated,131.200000,0.000000,160,240,270,290,430,530,710,970,1300,1300,1300,3697,0,96,143.7967126210449,4.042606999973941,1306.1449839999568,248.12199080335407
1789519301,500,POST,/checkout,13.800000,0.000000,290,480,580,620,770,1000,1200,1200,1300,1300,1300,500,0,150,253.9259269399999,21.622013000069273,1306.1449839999568,310.0
1789519301,500,POST,/waiting-room/join,0.000000,0.000000,230,250,370,370,380,400,420,420,420,420,420,500,0,210,238.6840514140031,43.64580300000398,626.7466020000256,234.376
1789519301,500,GET,/waiting-room/status,102.000000,0.000000,130,210,260,270,310,420,460,480,560,560,560,2735,0,55,104.73877017733088,4.042606999973941,561.6584800000055,239.87678244972577
1789519301,500,,Aggregated,115.800000,0.000000,140,240,270,290,440,570,720,990,1300,1300,1300,3735,0,93,142.64137231914418,4.042606999973941,1306.1449839999568,248.52771084337348
1789519302,500,POST,/checkout,13.800000,0.000000,250,400,560,600,710,1000,1200,1200,1300,1300,1300,500,0,150,253.9259269399999,21.622013000069273,1306.1449839999568,310.0
1789519302,500,POST,/waiting-room/join,0.000000,0.000000,230,250,370,370,380,400,420,420,420,420,420,500,0,210,238.6840514140031,43.64580300000398,626.7466020000256,234.376
1789519302,500,GET,/waiting-room/status,102.000000,0.000000,100,140,200,230,280,390,460,480,560,560,560,2735,0,55,104.73877017733088,4.042606999973941,561.6584800000055,239.87678244972577
1789519302,500,,Aggregated,115.800000,0.000000,110,160,240,270,400,560,700,990,1300,1300,1300,3735,0,93,142.64137231914418,4.042606999973941,1306.1449839999568,248.52771084337348
1789519303,500,POST,/checkout,13.800000,0.000000,110,300,400,480,660,1000,1200,1200,1300,1300,1300,500,0,150,253.9259269399999,21.622013000069273,1306.1449839999568,310.0
1789519303,500,POST,/waiting-room/join,0.000000,0.000000,230,250,370,370,380,400,420,420,420,420,420,500,0,210,238.6840514140031,43.64580300000398,626.7466020000256,234.376
1789519303,500,GET,/waiting-room/status,102.000000,0.000000,80,160,220,240,280,350,400,480,560,560,560,2735,0,55,104.73877017733088,4.042606999973941,561.6584800000055,239.87678244972577
1789519303,500,,Aggregated,115.800000,0.000000,90,180,240,260,350,480,660,1000,1300,1300,1300,3735,0,93,142.64137231914418,4.042606999973941,1306.1449839999568,248.52771084337348
1789519304,500,POST,/checkout,13.800000,0.000000,100,270,320,450,700,1000,1200,1200,1300,1300,1300,500,0,150,253.9259269399999,21.622013000069273,1306.1449839999568,310.0
1789519304,500,POST,/waiting-room/join,0.000000,0.000000,230,250,370,370,380,400,420,420,420,420,420,500,0,210,238.6840514140031,43.64580300000398,626.7466020000256,234.376
1789519304,500,GET,/waiting-room/status,102.000000,0.000000,30,97,130,150,270,370,420,480,560,560,560,2735,0,55,104.73877017733088,4.042606999973941,561.6584800000055,239.87678244972577
1789519304,500,,Aggregated,115.800000,0.000000,47,110,150,250,350,490,710,1100,1300,1300,1300,3735,0,93,142.64137231914418,4.042606999973941,1306.1449839999568,248.52771084337348
1789519305,500,POST,/checkout,13.800000,0.000000,62,100,110,230,300,320,650,710,710,710,710,500,0,150,253.9259269399999,21.622013000069273,1306.1449839999568,310.0
1789519305,500,POST,/waiting-room/join,0.000000,0.000000,230,250,370,370,380,400,420,420,420,420,420,500,0,210,238.6840514140031,43.64580300000398,626.7466020000256,234.376
1789519305,500,GET,/waiting-room/status,102.000000,0.000000,17,31,50,69,120,140,260,420,560,560,560,2735,0,55,104.73877017733088,4.042606999973941,561.6584800000055,239.87678244972577
1789519305,500,,Aggregated,115.800000,0.000000,27,47,73,97,140,270,400,560,710,710,710,3735,0,93,142.64137231914418,4.042606999973941,1306.1449839999568,248.52771084337348
1789519306,500,POST,/checkout,13.800000,0.000000,51,76,100,100,230,300,320,320,320,320,320,500,0,150,253.9259269399999,21.622013000069273,1306.1449839999568,310.0
1789519306,500,POST,/waiting-room/join,0.000000,0.000000,0,0,0,0,0,0,0,0,0,0,0,500,0,210,238.6840514140031,43.64580300000398,626.7466020000256,234.376
1789519306,500,GET,/waiting-room/status,102.000000,0.000000,10,15,19,21,31,39,53,97,100,100,100,2735,0,55,104.73877017733088,4.042606999973941,561.6584800000055,239.87678244972577
1789519306,500,,Aggregated,115.800000,0.000000,17,28,37,45,77,110,270,300,320,320,320,3735,0,93,142.64137231914418,4.042606999973941,1306.1449839999568,248.52771084337348
1789519307,500,POST,/checkout,13.800000,0.000000,47,62,74,81,100,110,110,140,140,140,140,500,0,150,253.9259269399999,21.622013000069273,1306.1449839999568,310.0
1789519307,500,POST,/waiting-room/join,0.000000,0.000000,0,0,0,0,0,0,0,0,0,0,0,500,0,210,238.6840514140031,43.64580300000398,626.7466020000256,234.376
1789519307,500,GET,/waiting-room/status,102.000000,0.000000,12,17,20,22,32,39,94,97,100,100,100,2735,0,55,104.73877017733088,4.042606999973941,561.6584800000055,239.87678244972577
1789519307,500,,Aggregated,115.800000,0.000000,19,32,38,44,69,97,110,110,140,140,140,3735,0,93,142.64137231914418,4.042606999973941,1306.1449839999568,248.52771084337348
1789519308,500,POST,/checkout,13.800000,0.000000,44,50,66,69,100,110,110,110,110,110,110,500,0,150,253.9259269399999,21.622013000069273,1306.1449839999568,310.0
1789519308,500,POST,/waiting-room/join,0.000000,0.000000,0,0,0,0,0,0,0,0,0,0,0,500,0,210,238.6840514140031,43.64580300000398,626.7466020000256,234.376
1789519308,500,GET,/waiting-room/status,102.000000,0.000000,8,11,13,16,20,22,31,33,33,33,33,2735,0,55,104.73877017733088,4.042606999973941,561.6584800000055,239.87678244972577
1789519308,500,,Aggregated,115.800000,0.000000,16,30,35,41,65,77,110,110,110,110,110,3735,0,93,142.64137231914418,4.042606999973941,1306.1449839999568,248.52771084337348
1789519309,500,POST,/checkout,13.800000,0.000000,40,50,62,69,77,110,110,110,110,110,110,500,0,150,253.9259269399999,21.622013000069273,1306.1449839999568,310.0
1789519309,500,POST,/waiting-room/join,0.000000,0.000000,0,0,0,0,0,0,0,0,0,0,0,500,0,210,238.6840514140031,43.64580300000398,626.7466020000256,234.376
1789519309,500,GET,/waiting-room/status,102.000000,0.000000,8,9,10,11,17,21,22,22,22,22,22,2735,0,55,104.73877017733088,4.042606999973941,561.6584800000055,239.87678244972577
1789519309,500,,Aggregated,115.800000,0.000000,18,32,37,47,69,77,110,110,110,110,110,3735,0,93,142.64137231914418,4.042606999973941,1306.1449839999568,248.52771084337348
1789519310,500,POST,/checkout,13.800000,0.000000,76,77,87,110,110,110,110,110,110,110,110,500,0,150,253.9259269399999,21.622013000069273,1306.1449839999568,310.0
1789519310,500,POST,/waiting-room/join,0.000000,0.000000,0,0,0,0,0,0,0,0,0,0,0,500,0,210,238.6840514140031,43.64580300000398,626.7466020000256,234.376
1789519310,500,GET,/waiting-room/status,102.000000,0.000000,10,11,12,15,22,22,22,22,22,22,22,2735,0,55,104.73877017733088,4.042606999973941,561.6584800000055,239.87678244972577
1789519310,500,,Aggregated,115.800000,0.000000,38,69,76,77,110,110,110,110,110,110,110,3735,0,93,142.64137231914418,4.042606999973941,1306.1449839999568,248.52771084337348
1789519311,500,POST,/checkout,13.800000,0.000000,76,77,87,110,110,110,110,110,110,110,110,500,0,150,253.9259269399999,21.622013000069273,1306.1449839999568,310.0
1789519311,500,POST,/waiting-room/join,0.000000,0.000000,0,0,0,0,0,0,0,0,0,0,0,500,0,210,238.6840514140031,43.64580300000398,626.7466020000256,234.376
1789519311,500,GET,/waiting-room/status,102.000000,0.000000,10,11,12,15,22,22,22,22,22,22,22,2735,0,55,104.73877017733088,4.042606999973941,561.6584800000055,239.87678244972577
1789519311,500,,Aggregated,115.800000,0.000000,38,69,76,77,110,110,110,110,110,110,110,3735,0,93,142.64137231914418,4.042606999973941,1306.1449839999568,248.52771084337348
1789519312,500,POST,/checkout,13.800000,0.000000,76,77,87,110,110,110,110,110,110,110,110,500,0,150,253.9259269399999,21.622013000069273,1306.1449839999568,310.0
1789519312,500,POST,/waiting-room/join,0.000000,0.000000,0,0,0,0,0,0,0,0,0,0,0,500,0,210,238.6840514140031,43.64580300000398,626.7466020000256,234.376
1789519312,500,GET,/waiting-room/status,102.000000,0.000000,10,11,12,15,22,22,22,22,22,22,22,2735,0,55,104.73877017733088,4.042606999973941,561.6584800000055,239.87678244972577
1789519312,500,,Aggregated,115.800000,0.000000,38,69,76,77,110,110,110,110,110,110,110,3735,0,93,142.64137231914418,4.042606999973941,1306.1449839999568,248.52771084337348
1789519313,500,POST,/checkout,13.800000,0.000000,76,77,87,110,110,110,110,110,110,110,110,500,0,150,253.9259269399999,21.622013000069273,1306.1449839999568,310.0
1789519313,500,POST,/waiting-room/join,0.000000,0.000000,0,0,0,0,0,0,0,0,0,0,0,500,0,210,238.6840514140031,43.64580300000398,626.7466020000256,234.376
1789519313,500,GET,/waiting-room/status,102.000000,0.000000,10,11,12,15,22,22,22,22,22,22,22,2735,0,55,104.73877017733088,4.042606999973941,561.6584800000055,239.87678244972577
1789519313,500,,Aggregated,115.800000,0.000000,38,69,76,77,110,110,110,110,110,110,110,3735,0,93,142.64137231914418,4.042606999973941,1306.1449839999568,248.52771084337348
1789519314,500,POST,/checkout,13.800000,0.000000,76,77,87,110,110,110,110,110,110,110,110,500,0,150,253.9259269399999,21.622013000069273,1306.1449839999568,310.0
1789519314,500,POST,/waiting-room/join,0.000000,0.000000,0,0,0,0,0,0,0,0,0,0,0,500,0,210,238.6840514140031,43.64580300000398,626.7466020000256,234.376
1789519314,500,GET,/waiting-room/status,102.000000,0.000000,10,11,12,15,22,22,22,22,22,22,22,2735,0,55,104.73877017733088,4.042606999973941,561.6584800000055,239.87678244972577
1789519314,500,,Aggregated,115.800000,0.000000,38,69,76,77,110,110,110,110,110,110,110,3735,0,93,142.64137231914418,4.042606999973941,1306.1449839999568,248.52771084337348
1789519315,500,POST,/checkout,13.800000,0.000000,76,77,87,110,110,110,110,110,110,110,110,500,0,150,253.9259269399999,21.622013000069273,1306.1449839999568,310.0
1789519315,500,POST,/waiting-room/join,0.000000,0.000000,0,0,0,0,0,0,0,0,0,0,0,500,0,210,238.6840514140031,43.64580300000398,626.7466020000256,234.376
1789519315,500,GET,/waiting-room/status,102.000000,0.000000,10,11,12,15,22,22,22,22,22,22,22,2735,0,55,104.73877017733088,4.042606999973941,561.6584800000055,239.87678244972577
1789519315,500,,Aggregated,115.800000,0.000000,38,69,76,77,110,110,110,110,110,110,110,3735,0,93,142.64137231914418,4.042606999973941,1306.1449839999568,248.52771084337348
1789519316,500,POST,/checkout,13.800000,0.000000,76,77,87,110,110,110,110,110,110,110,110,500,0,150,253.9259269399999,21.622013000069273,1306.1449839999568,310.0
1789519316,500,POST,/waiting-room/join,0.000000,0.000000,0,0,0,0,0,0,0,0,0,0,0,500,0,210,238.6840514140031,43.64580300000398,626.7466020000256,234.376
1789519316,500,GET,/waiting-room/status,102.000000,0.000000,10,11,12,15,22,22,22,22,22,22,22,2735,0,55,104.73877017733088,4.042606999973941,561.6584800000055,239.87678244972577
1789519316,500,,Aggregated,115.800000,0.000000,38,69,76,77,110,110,110,110,110,110,110,3735,0,93,142.64137231914418,4.042606999973941,1306.1449839999568,248.52771084337348
1789519317,500,POST,/checkout,13.800000,0.000000,76,77,87,110,110,110,110,110,110,110,110,500,0,150,253.9259269399999,21.622013000069273,1306.1449839999568,310.0
1789519317,500,POST,/waiting-room/join,0.000000,0.000000,0,0,0,0,0,0,0,0,0,0,0,500,0,210,238.6840514140031,43.64580300000398,626.7466020000256,234.376
1789519317,500,GET,/waiting-room/status,102.000000,0.000000,10,11,12,15,22,22,22,22,22,22,22,2735,0,55,104.73877017733088,4.042606999973941,561.6584800000055,239.87678244972577
1789519317,500,,Aggregated,115.800000,0.000000,38,69,76,77,110,110,110,110,110,110,110,3735,0,93,142.64137231914418,4.042606999973941,1306.1449839999568,248.52771084337348
1789519318,500,POST,/checkout,13.800000,0.000000,76,77,87,110,110,110,110,110,110,110,110,500,0,150,253.9259269399999,21.622013000069273,1306.1449839999568,310.0
1789519318,500,POST,/waiting-room/join,0.000000,0.000000,0,0,0,0,0,0,0,0,0,0,0,500,0,210,238.6840514140031,43.64580300000398,626.7466020000256,234.376
1789519318,500,GET,/waiting-room/status,102.000000,0.000000,10,11,12,15,22,22,22,22,22,22,22,2735,0,55,104.73877017733088,4.042606999973941,561.6584800000055,239.87678244972577
1789519318,500,,Aggregated,115.800000,0.000000,38,69,76,77,110,110,110,110,110,110,110,3735,0,93,142.64137231914418,4.042606999973941,1306.1449839999568,248.52771084337348
1789519319,500,POST,/checkout,13.800000,0.000000,0,0,0,0,0,0,0,0,0,0,0,500,0,150,253.9259269399999,21.622013000069273,1306.1449839999568,310.0
1789519319,500,POST,/waiting-room/join,0.000000,0.000000,0,0,0,0,0,0,0,0,0,0,0,500,0,210,238.6840514140031,43.64580300000398,626.7466020000256,234.376
1789519319,500,GET,/waiting-room/status,102.000000,0.000000,0,0,0,0,0,0,0,0,0,0,0,2735,0,55,104.73877017733088,4.042606999973941,561.6584800000055,239.87678244972577
1789519319,500,,Aggregated,115.800000,0.000000,0,0,0,0,0,0,0,0,0,0,0,3735,0,93,142.64137231914418,4.042606999973941,1306.1449839999568,248.52771084337348
1789519320,500,POST,/checkout,13.800000,0.000000,0,0,0,0,0,0,0,0,0,0,0,500,0,150,253.9259269399999,21.622013000069273,1306.1449839999568,310.0
1789519320,500,POST,/waiting-room/join,0.000000,0.000000,0,0,0,0,0,0,0,0,0,0,0,500,0,210,238.6840514140031,43.64580300000398,626.7466020000256,234.376
1789519320,500,GET,/waiting-room/status,102.000000,0.000000,0,0,0,0,0,0,0,0,0,0,0,2735,0,55,104.73877017733088,4.042606999973941,561.6584800000055,239.87678244972577
1789519320,500,,Aggregated,115.800000,0.000000,0,0,0,0,0,0,0,0,0,0,0,3735,0,93,142.64137231914418,4.042606999973941,1306.1449839999568,248.52771084337348
1789519321,500,POST,/checkout,13.800000,0.000000,0,0,0,0,0,0,0,0,0,0,0,500,0,150,253.9259269399999,21.622013000069273,1306.1449839999568,310.0
1789519321,500,POST,/waiting-room/join,0.000000,0.000000,0,0,0,0,0,0,0,0,0,0,0,500,0,210,238.6840514140031,43.64580300000398,626.7466020000256,234.376
1789519321,500,GET,/waiting-room/status,102.000000,0.000000,0,0,0,0,0,0,0,0,0,0,0,2735,0,55,104.73877017733088,4.042606999973941,561.6584800000055,239.87678244972577
1789519321,500,,Aggregated,115.800000,0.000000,0,0,0,0,0,0,0,0,0,0,0,3735,0,93,142.64137231914418,4.042606999973941,1306.1449839999568,248.52771084337348
1789519322,500,POST,/checkout,13.800000,0.000000,0,0,0,0,0,0,0,0,0,0,0,500,0,150,253.9259269399999,21.622013000069273,1306.1449839999568,310.0
1789519322,500,POST,/waiting-room/join,0.000000,0.000000,0,0,0,0,0,0,0,0,0,0,0,500,0,210,238.6840514140031,43.64580300000398,626.7466020000256,234.376
1789519322,500,GET,/waiting-room/status,102.000000,0.000000,0,0,0,0,0,0,0,0,0,0,0,2735,0,55,104.73877017733088,4.042606999973941,561.6584800000055,239.87678244972577
1789519322,500,,Aggregated,115.800000,0.000000,0,0,0,0,0,0,0,0,0,0,0,3735,0,93,142.64137231914418,4.042606999973941,1306.1449839999568,248.52771084337348
1789519324,500,POST,/checkout,13.800000,0.000000,0,0,0,0,0,0,0,0,0,0,0,500,0,150,253.9259269399999,21.622013000069273,1306.1449839999568,310.0
1789519324,500,POST,/waiting-room/join,0.000000,0.000000,0,0,0,0,0,0,0,0,0,0,0,500,0,210,238.6840514140031,43.64580300000398,626.7466020000256,234.376
1789519324,500,GET,/waiting-room/status,102.000000,0.000000,0,0,0,0,0,0,0,0,0,0,0,2735,0,55,104.73877017733088,4.042606999973941,561.6584800000055,239.87678244972577
1789519324,500,,Aggregated,115.800000,0.000000,0,0,0,0,0,0,0,0,0,0,0,3735,0,93,142.64137231914418,4.042606999973941,1306.1449839999568,248.52771084337348
1789519325,500,POST,/checkout,13.800000,0.000000,0,0,0,0,0,0,0,0,0,0,0,500,0,150,253.9259269399999,21.622013000069273,1306.1449839999568,310.0
1789519325,500,POST,/waiting-room/join,0.000000,0.000000,0,0,0,0,0,0,0,0,0,0,0,500,0,210,238.6840514140031,43.64580300000398,626.7466020000256,234.376
1789519325,500,GET,/waiting-room/status,102.000000,0.000000,0,0,0,0,0,0,0,0,0,0,0,2735,0,55,104.73877017733088,4.042606999973941,561.6584800000055,239.87678244972577
1789519325,500,,Aggregated,115.800000,0.000000,0,0,0,0,0,0,0,0,0,0,0,3735,0,93,142.64137231914418,4.042606999973941,1306.1449839999568,248.52771084337348
1789519326,500,POST,/checkout,13.800000,0.000000,0,0,0,0,0,0,0,0,0,0,0,500,0,150,253.9259269399999,21.622013000069273,1306.1449839999568,310.0
1789519326,500,POST,/waiting-room/join,0.000000,0.000000,0,0,0,0,0,0,0,0,0,0,0,500,0,210,238.6840514140031,43.64580300000398,626.7466020000256,234.376
1789519326,500,GET,/waiting-room/status,102.000000,0.000000,0,0,0,0,0,0,0,0,0,0,0,2735,0,55,104.73877017733088,4.042606999973941,561.6584800000055,239.87678244972577
1789519326,500,,Aggregated,115.800000,0.000000,0,0,0,0,0,0,0,0,0,0,0,3735,0,93,142.64137231914418,4.042606999973941,1306.1449839999568,248.52771084337348
1789519327,500,POST,/checkout,13.800000,0.000000,0,0,0,0,0,0,0,0,0,0,0,500,0,150,253.9259269399999,21.622013000069273,1306.1449839999568,310.0
1789519327,500,POST,/waiting-room/join,0.000000,0.000000,0,0,0,0,0,0,0,0,0,0,0,500,0,210,238.6840514140031,43.64580300000398,626.7466020000256,234.376
1789519327,500,GET,/waiting-room/status,102.000000,0.000000,0,0,0,0,0,0,0,0,0,0,0,2735,0,55,104.73877017733088,4.042606999973941,561.6584800000055,239.87678244972577
1789519327,500,,Aggregated,115.800000,0.000000,0,0,0,0,0,0,0,0,0,0,0,3735,0,93,142.64137231914418,4.042606999973941,1306.1449839999568,248.52771084337348
1789519328,500,POST,/checkout,13.800000,0.000000,0,0,0,0,0,0,0,0,0,0,0,500,0,150,253.9259269399999,21.622013000069273,1306.1449839999568,310.0
1789519328,500,POST,/waiting-room/join,0.000000,0.000000,0,0,0,0,0,0,0,0,0,0,0,500,0,210,238.6840514140031,43.64580300000398,626.7466020000256,234.376
1789519328,500,GET,/waiting-room/status,102.000000,0.000000,0,0,0,0,0,0,0,0,0,0,0,2735,0,55,104.73877017733088,4.042606999973941,561.6584800000055,239.87678244972577
1789519328,500,,Aggregated,115.800000,0.000000,0,0,0,0,0,0,0,0,0,0,0,3735,0,93,142.64137231914418,4.042606999973941,1306.1449839999568,248.52771084337348
1789519329,500,POST,/checkout,13.800000,0.000000,0,0,0,0,0,0,0,0,0,0,0,500,0,150,253.9259269399999,21.622013000069273,1306.1449839999568,310.0
1789519329,500,POST,/waiting-room/join,0.000000,0.000000,0,0,0,0,0,0,0,0,0,0,0,500,0,210,238.6840514140031,43.64580300000398,626.7466020000256,234.376
1789519329,500,GET,/waiting-room/status,102.000000,0.000000,0,0,0,0,0,0,0,0,0,0,0,2735,0,55,104.73877017733088,4.042606999973941,561.6584800000055,239.87678244972577
1789519329,500,,Aggregated,115.800000,0.000000,0,0,0,0,0,0,0,0,0,0,0,3735,0,93,142.64137231914418,4.042606999973941,1306.1449839999568,248.52771084337348
1789519330,500,POST,/checkout,13.800000,0.000000,0,0,0,0,0,0,0,0,0,0,0,500,0,150,253.9259269399999,21.622013000069273,1306.1449839999568,310.0
1789519330,500,POST,/waiting-room/join,0.000000,0.000000,0,0,0,0,0,0,0,0,0,0,0,500,0,210,238.6840514140031,43.64580300000398,626.7466020000256,234.376
1789519330,500,GET,/waiting-room/status,102.000000,0.000000,0,0,0,0,0,0,0,0,0,0,0,2735,0,55,104.73877017733088,4.042606999973941,561.6584800000055,239.87678244972577
1789519330,500,,Aggregated,115.800000,0.000000,0,0,0,0,0,0,0,0,0,0,0,3735,0,93,142.64137231914418,4.042606999973941,1306.1449839999568,248.52771084337348
1789519331,500,POST,/checkout,13.800000,0.000000,0,0,0,0,0,0,0,0,0,0,0,500,0,150,253.9259269399999,21.622013000069273,1306.1449839999568,310.0
1789519331,500,POST,/waiting-room/join,0.000000,0.000000,0,0,0,0,0,0,0,0,0,0,0,500,0,210,238.6840514140031,43.64580300000398,626.7466020000256,234.376
1789519331,500,GET,/waiting-room/status,102.000000,0.000000,0,0,0,0,0,0,0,0,0,0,0,2735,0,55,104.73877017733088,4.042606999973941,561.6584800000055,239.87678244972577
1789519331,500,,Aggregated,115.800000,0.000000,0,0,0,0,0,0,0,0,0,0,0,3735,0,93,142.64137231914418,4.042606999973941,1306.1449839999568,248.52771084337348
1789519332,500,POST,/checkout,13.800000,0.000000,0,0,0,0,0,0,0,0,0,0,0,500,0,150,253.9259269399999,21.622013000069273,1306.1449839999568,310.0
1789519332,500,POST,/waiting-room/join,0.000000,0.000000,0,0,0,0,0,0,0,0,0,0,0,500,0,210,238.6840514140031,43.64580300000398,626.7466020000256,234.376
1789519332,500,GET,/waiting-room/status,102.000000,0.000000,0,0,0,0,0,0,0,0,0,0,0,2735,0,55,104.73877017733088,4.042606999973941,561.6584800000055,239.87678244972577
1789519332,500,,Aggregated,115.800000,0.000000,0,0,0,0,0,0,0,0,0,0,0,3735,0,93,142.64137231914418,4.042606999973941,1306.1449839999568,248.52771084337348
1789519333,500,POST,/checkout,13.800000,0.000000,0,0,0,0,0,0,0,0,0,0,0,500,0,150,253.9259269399999,21.622013000069273,1306.1449839999568,310.0
1789519333,500,POST,/waiting-room/join,0.000000,0.000000,0,0,0,0,0,0,0,0,0,0,0,500,0,210,238.6840514140031,43.64580300000398,626.7466020000256,234.376
1789519333,500,GET,/waiting-room/status,102.000000,0.000000,0,0,0,0,0,0,0,0,0,0,0,2735,0,55,104.73877017733088,4.042606999973941,561.6584800000055,239.87678244972577
1789519333,500,,Aggregated,115.800000,0.000000,0,0,0,0,0,0,0,0,0,0,0,3735,0,93,142.64137231914418,4.042606999973941,1306.1449839999568,248.52771084337348
1789519334,500,POST,/checkout,13.800000,0.000000,0,0,0,0,0,0,0,0,0,0,0,500,0,150,253.9259269399999,21.622013000069273,1306.1449839999568,310.0
1789519334,500,POST,/waiting-room/join,0.000000,0.000000,0,0,0,0,0,0,0,0,0,0,0,500,0,210,238.6840514140031,43.64580300000398,626.7466020000256,234.376
1789519334,500,GET,/waiting-room/status,102.000000,0.000000,0,0,0,0,0,0,0,0,0,0,0,2735,0,55,104.73877017733088,4.042606999973941,561.6584800000055,239.87678244972577
1789519334,500,,Aggregated,115.800000,0.000000,0,0,0,0,0,0,0,0,0,0,0,3735,0,93,142.64137231914418,4.042606999973941,1306.1449839999568,248.52771084337348
1789519335,500,POST,/checkout,13.800000,0.000000,0,0,0,0,0,0,0,0,0,0,0,500,0,150,253.9259269399999,21.622013000069273,1306.1449839999568,310.0
1789519335,500,POST,/waiting-room/join,0.000000,0.000000,0,0,0,0,0,0,0,0,0,0,0,500,0,210,238.6840514140031,43.64580300000398,626.7466020000256,234.376
1789519335,500,GET,/waiting-room/status,102.000000,0.000000,0,0,0,0,0,0,0,0,0,0,0,2735,0,55,104.73877017733088,4.042606999973941,561.6584800000055,239.87678244972577
1789519335,500,,Aggregated,115.800000,0.000000,0,0,0,0,0,0,0,0,0,0,0,3735,0,93,142.64137231914418,4.042606999973941,1306.1449839999568,248.52771084337348
1789519336,500,POST,/checkout,13.800000,0.000000,0,0,0,0,0,0,0,0,0,0,0,500,0,150,253.9259269399999,21.622013000069273,1306.1449839999568,310.0
1789519336,500,POST,/waiting-room/join,0.000000,0.000000,0,0,0,0,0,0,0,0,0,0,0,500,0,210,238.6840514140031,43.64580300000398,626.7466020000256,234.376
1789519336,500,GET,/waiting-room/status,102.000000,0.000000,0,0,0,0,0,0,0,0,0,0,0,2735,0,55,104.73877017733088,4.042606999973941,561.6584800000055,239.87678244972577
1789519336,500,,Aggregated,115.800000,0.000000,0,0,0,0,0,0,0,0,0,0,0,3735,0,93,142.64137231914418,4.042606999973941,1306.1449839999568,248.52771084337348
1789519337,500,POST,/checkout,13.800000,0.000000,0,0,0,0,0,0,0,0,0,0,0,500,0,150,253.9259269399999,21.622013000069273,1306.1449839999568,310.0
1789519337,500,POST,/waiting-room/join,0.000000,0.000000,0,0,0,0,0,0,0,0,0,0,0,500,0,210,238.6840514140031,43.64580300000398,626.7466020000256,234.376
1789519337,500,GET,/waiting-room/status,102.000000,0.000000,0,0,0,0,0,0,0,0,0,0,0,2735,0,55,104.73877017733088,4.042606999973941,561.6584800000055,239.87678244972577
1789519337,500,,Aggregated,115.800000,0.000000,0,0,0,0,0,0,0,0,0,0,0,3735,0,93,142.64137231914418,4.042606999973941,1306.1449839999568,248.52771084337348
1789519338,500,POST,/checkout,13.800000,0.000000,0,0,0,0,0,0,0,0,0,0,0,500,0,150,253.9259269399999,21.622013000069273,1306.1449839999568,310.0
1789519338,500,POST,/waiting-room/join,0.000000,0.000000,0,0,0,0,0,0,0,0,0,0,0,500,0,210,238.6840514140031,43.64580300000398,626.7466020000256,234.376
1789519338,500,GET,/waiting-room/status,102.000000,0.000000,0,0,0,0,0,0,0,0,0,0,0,2735,0,55,104.73877017733088,4.042606999973941,561.6584800000055,239.87678244972577
1789519338,500,,Aggregated,115.800000,0.000000,0,0,0,0,0,0,0,0,0,0,0,3735,0,93,142.64137231914418,4.042606999973941,1306.1449839999568,248.52771084337348
1789519339,500,POST,/checkout,13.800000,0.000000,0,0,0,0,0,0,0,0,0,0,0,500,0,150,253.9259269399999,21.622013000069273,1306.1449839999568,310.0
1789519339,500,POST,/waiting-room/join,0.000000,0.000000,0,0,0,0,0,0,0,0,0,0,0,500,0,210,238.6840514140031,43.64580300000398,626.7466020000256,234.376
1789519339,500,GET,/waiting-room/status,102.000000,0.000000,0,0,0,0,0,0,0,0,0,0,0,2735,0,55,104.73877017733088,4.042606999973941,561.6584800000055,239.87678244972577
1789519339,500,,Aggregated,115.800000,0.000000,0,0,0,0,0,0,0,0,0,0,0,3735,0,93,142.64137231914418,4.042606999973941,1306.1449839999568,248.52771084337348
1789519340,500,POST,/checkout,13.800000,0.000000,0,0,0,0,0,0,0,0,0,0,0,500,0,150,253.9259269399999,21.622013000069273,1306.1449839999568,310.0
1789519340,500,POST,/waiting-room/join,0.000000,0.000000,0,0,0,0,0,0,0,0,0,0,0,500,0,210,238.6840514140031,43.64580300000398,626.7466020000256,234.376
1789519340,500,GET,/waiting-room/status,102.000000,0.000000,0,0,0,0,0,0,0,0,0,0,0,2735,0,55,104.73877017733088,4.042606999973941,561.6584800000055,239.87678244972577
1789519340,500,,Aggregated,115.800000,0.000000,0,0,0,0,0,0,0,0,0,0,0,3735,0,93,142.64137231914418,4.042606999973941,1306.1449839999568,248.52771084337348
1789519341,500,POST,/checkout,13.800000,0.000000,0,0,0,0,0,0,0,0,0,0,0,500,0,150,253.9259269399999,21.622013000069273,1306.1449839999568,310.0
1789519341,500,POST,/waiting-room/join,0.000000,0.000000,0,0,0,0,0,0,0,0,0,0,0,500,0,210,238.6840514140031,43.64580300000398,626.7466020000256,234.376
1789519341,500,GET,/waiting-room/status,102.000000,0.000000,0,0,0,0,0,0,0,0,0,0,0,2735,0,55,104.73877017733088,4.042606999973941,561.6584800000055,239.87678244972577
1789519341,500,,Aggregated,115.800000,0.000000,0,0,0,0,0,0,0,0,0,0,0,3735,0,93,142.64137231914418,4.042606999973941,1306.1449839999568,248.52771084337348
1789519342,500,POST,/checkout,13.800000,0.000000,0,0,0,0,0,0,0,0,0,0,0,500,0,150,253.9259269399999,21.622013000069273,1306.1449839999568,310.0
1789519342,500,POST,/waiting-room/join,0.000000,0.000000,0,0,0,0,0,0,0,0,0,0,0,500,0,210,238.6840514140031,43.64580300000398,626.7466020000256,234.376
1789519342,500,GET,/waiting-room/status,102.000000,0.000000,0,0,0,0,0,0,0,0,0,0,0,2735,0,55,104.73877017733088,4.042606999973941,561.6584800000055,239.87678244972577
1789519342,500,,Aggregated,115.800000,0.000000,0,0,0,0,0,0,0,0,0,0,0,3735,0,93,142.64137231914418,4.042606999973941,1306.1449839999568,248.52771084337348
1789519343,500,POST,/checkout,13.800000,0.000000,0,0,0,0,0,0,0,0,0,0,0,500,0,150,253.9259269399999,21.622013000069273,1306.1449839999568,310.0
1789519343,500,POST,/waiting-room/join,0.000000,0.000000,0,0,0,0,0,0,0,0,0,0,0,500,0,210,238.6840514140031,43.64580300000398,626.7466020000256,234.376
1789519343,500,GET,/waiting-room/status,102.000000,0.000000,0,0,0,0,0,0,0,0,0,0,0,2735,0,55,104.73877017733088,4.042606999973941,561.6584800000055,239.87678244972577
1789519343,500,,Aggregated,115.800000,0.000000,0,0,0,0,0,0,0,0,0,0,0,3735,0,93,142.64137231914418,4.042606999973941,1306.1449839999568,248.52771084337348
1789519344,500,POST,/checkout,13.800000,0.000000,0,0,0,0,0,0,0,0,0,0,0,500,0,150,253.9259269399999,21.622013000069273,1306.1449839999568,310.0
1789519344,500,POST,/waiting-room/join,0.000000,0.000000,0,0,0,0,0,0,0,0,0,0,0,500,0,210,238.6840514140031,43.64580300000398,626.7466020000256,234.376
1789519344,500,GET,/waiting-room/status,102.000000,0.000000,0,0,0,0,0,0,0,0,0,0,0,2735,0,55,104.73877017733088,4.042606999973941,561.6584800000055,239.87678244972577
1789519344,500,,Aggregated,115.800000,0.000000,0,0,0,0,0,0,0,0,0,0,0,3735,0,93,142.64137231914418,4.042606999973941,1306.1449839999568,248.52771084337348
1789519345,500,POST,/checkout,13.800000,0.000000,0,0,0,0,0,0,0,0,0,0,0,500,0,150,253.9259269399999,21.622013000069273,1306.1449839999568,310.0
1789519345,500,POST,/waiting-room/join,0.000000,0.000000,0,0,0,0,0,0,0,0,0,0,0,500,0,210,238.6840514140031,43.64580300000398,626.7466020000256,234.376
1789519345,500,GET,/waiting-room/status,102.000000,0.000000,0,0,0,0,0,0,0,0,0,0,0,2735,0,55,104.73877017733088,4.042606999973941,561.6584800000055,239.87678244972577
1789519345,500,,Aggregated,115.800000,0.000000,0,0,0,0,0,0,0,0,0,0,0,3735,0,93,142.64137231914418,4.042606999973941,1306.1449839999568,248.52771084337348
1789519346,500,POST,/checkout,13.800000,0.000000,0,0,0,0,0,0,0,0,0,0,0,500,0,150,253.9259269399999,21.622013000069273,1306.1449839999568,310.0
1789519346,500,POST,/waiting-room/join,0.000000,0.000000,0,0,0,0,0,0,0,0,0,0,0,500,0,210,238.6840514140031,43.64580300000398,626.7466020000256,234.376
1789519346,500,GET,/waiting-room/status,102.000000,0.000000,0,0,0,0,0,0,0,0,0,0,0,2735,0,55,104.73877017733088,4.042606999973941,561.6584800000055,239.87678244972577
1789519346,500,,Aggregated,115.800000,0.000000,0,0,0,0,0,0,0,0,0,0,0,3735,0,93,142.64137231914418,4.042606999973941,1306.1449839999568,248.52771084337348
1789519347,500,POST,/checkout,13.800000,0.000000,0,0,0,0,0,0,0,0,0,0,0,500,0,150,253.9259269399999,21.622013000069273,1306.1449839999568,310.0
1789519347,500,POST,/waiting-room/join,0.000000,0.000000,0,0,0,0,0,0,0,0,0,0,0,500,0,210,238.6840514140031,43.64580300000398,626.7466020000256,234.376
1789519347,500,GET,/waiting-room/status,102.000000,0.000000,0,0,0,0,0,0,0,0,0,0,0,2735,0,55,104.73877017733088,4.042606999973941,561.6584800000055,239.87678244972577
1789519347,500,,Aggregated,115.800000,0.000000,0,0,0,0,0,0,0,0,0,0,0,3735,0,93,142.64137231914418,4.042606999973941,1306.1449839999568,248.52771084337348
1789519348,500,POST,/checkout,13.800000,0.000000,0,0,0,0,0,0,0,0,0,0,0,500,0,150,253.9259269399999,21.622013000069273,1306.1449839999568,310.0
1789519348,500,POST,/waiting-room/join,0.000000,0.000000,0,0,0,0,0,0,0,0,0,0,0,500,0,210,238.6840514140031,43.64580300000398,626.7466020000256,234.376
1789519348,500,GET,/waiting-room/status,102.000000,0.000000,0,0,0,0,0,0,0,0,0,0,0,2735,0,55,104.73877017733088,4.042606999973941,561.6584800000055,239.87678244972577
1789519348,500,,Aggregated,115.800000,0.000000,0,0,0,0,0,0,0,0,0,0,0,3735,0,93,142.64137231914418,4.042606999973941,1306.1449839999568,248.52771084337348
1789519349,500,POST,/checkout,13.800000,0.000000,0,0,0,0,0,0,0,0,0,0,0,500,0,150,253.9259269399999,21.622013000069273,1306.1449839999568,310.0
1789519349,500,POST,/waiting-room/join,0.000000,0.000000,0,0,0,0,0,0,0,0,0,0,0,500,0,210,238.6840514140031,43.64580300000398,626.7466020000256,234.376
1789519349,500,GET,/waiting-room/status,102.000000,0.000000,0,0,0,0,0,0,0,0,0,0,0,2735,0,55,104.73877017733088,4.042606999973941,561.6584800000055,239.87678244972577
1789519349,500,,Aggregated,115.800000,0.000000,0,0,0,0,0,0,0,0,0,0,0,3735,0,93,142.64137231914418,4.042606999973941,1306.1449839999568,248.52771084337348
1789519350,500,POST,/checkout,13.800000,0.000000,0,0,0,0,0,0,0,0,0,0,0,500,0,150,253.9259269399999,21.622013000069273,1306.1449839999568,310.0
1789519350,500,POST,/waiting-room/join,0.000000,0.000000,0,0,0,0,0,0,0,0,0,0,0,500,0,210,238.6840514140031,43.64580300000398,626.7466020000256,234.376
1789519350,500,GET,/waiting-room/status,102.000000,0.000000,0,0,0,0,0,0,0,0,0,0,0,2735,0,55,104.73877017733088,4.042606999973941,561.6584800000055,239.87678244972577
1789519350,500,,Aggregated,115.800000,0.000000,0,0,0,0,0,0,0,0,0,0,0,3735,0,93,142.64137231914418,4.042606999973941,1306.1449839999568,248.52771084337348
1789519351,500,POST,/checkout,13.800000,0.000000,0,0,0,0,0,0,0,0,0,0,0,500,0,150,253.9259269399999,21.622013000069273,1306.1449839999568,310.0
1789519351,500,POST,/waiting-room/join,0.000000,0.000000,0,0,0,0,0,0,0,0,0,0,0,500,0,210,238.6840514140031,43.64580300000398,626.7466020000256,234.376
1789519351,500,GET,/waiting-room/status,102.000000,0.000000,0,0,0,0,0,0,0,0,0,0,0,2735,0,55,104.73877017733088,4.042606999973941,561.6584800000055,239.87678244972577
1789519351,500,,Aggregated,115.800000,0.000000,0,0,0,0,0,0,0,0,0,0,0,3735,0,93,142.64137231914418,4.042606999973941,1306.1449839999568,248.52771084337348
1789519352,500,POST,/checkout,13.800000,0.000000,0,0,0,0,0,0,0,0,0,0,0,500,0,150,253.9259269399999,21.622013000069273,1306.1449839999568,310.0
1789519352,500,POST,/waiting-room/join,0.000000,0.000000,0,0,0,0,0,0,0,0,0,0,0,500,0,210,238.6840514140031,43.64580300000398,626.7466020000256,234.376
1789519352,500,GET,/waiting-room/status,102.000000,0.000000,0,0,0,0,0,0,0,0,0,0,0,2735,0,55,104.73877017733088,4.042606999973941,561.6584800000055,239.87678244972577
1789519352,500,,Aggregated,115.800000,0.000000,0,0,0,0,0,0,0,0,0,0,0,3735,0,93,142.64137231914418,4.042606999973941,1306.1449839999568,248.52771084337348
1789519353,500,POST,/checkout,13.800000,0.000000,0,0,0,0,0,0,0,0,0,0,0,500,0,150,253.9259269399999,21.622013000069273,1306.1449839999568,310.0
1789519353,500,POST,/waiting-room/join,0.000000,0.000000,0,0,0,0,0,0,0,0,0,0,0,500,0,210,238.6840514140031,43.64580300000398,626.7466020000256,234.376
1789519353,500,GET,/waiting-room/status,102.000000,0.000000,0,0,0,0,0,0,0,0,0,0,0,2735,0,55,104.73877017733088,4.042606999973941,561.6584800000055,239.87678244972577
1789519353,500,,Aggregated,115.800000,0.000000,0,0,0,0,0,0,0,0,0,0,0,3735,0,93,142.64137231914418,4.042606999973941,1306.1449839999568,248.52771084337348
1789519354,500,POST,/checkout,13.800000,0.000000,0,0,0,0,0,0,0,0,0,0,0,500,0,150,253.9259269399999,21.622013000069273,1306.1449839999568,310.0
1789519354,500,POST,/waiting-room/join,0.000000,0.000000,0,0,0,0,0,0,0,0,0,0,0,500,0,210,238.6840514140031,43.64580300000398,626.7466020000256,234.376
1789519354,500,GET,/waiting-room/status,102.000000,0.000000,0,0,0,0,0,0,0,0,0,0,0,2735,0,55,104.73877017733088,4.042606999973941,561.6584800000055,239.87678244972577
1789519354,500,,Aggregated,115.800000,0.000000,0,0,0,0,0,0,0,0,0,0,0,3735,0,93,142.64137231914418,4.042606999973941,1306.1449839999568,248.52771084337348
1789519355,500,POST,/checkout,13.800000,0.000000,0,0,0,0,0,0,0,0,0,0,0,500,0,150,253.9259269399999,21.622013000069273,1306.1449839999568,310.0
1789519355,500,POST,/waiting-room/join,0.000000,0.000000,0,0,0,0,0,0,0,0,0,0,0,500,0,210,238.6840514140031,43.64580300000398,626.7466020000256,234.376
1789519355,500,GET,/waiting-room/status,102.000000,0.000000,0,0,0,0,0,0,0,0,0,0,0,2735,0,55,104.73877017733088,4.042606999973941,561.6584800000055,239.87678244972577
1789519355,500,,Aggregated,115.800000,0.000000,0,0,0,0,0,0,0,0,0,0,0,3735,0,93,142.64137231914418,4.042606999973941,1306.1449839999568,248.52771084337348
1789519356,500,POST,/checkout,13.800000,0.000000,0,0,0,0,0,0,0,0,0,0,0,500,0,150,253.9259269399999,21.622013000069273,1306.1449839999568,310.0
1789519356,500,POST,/waiting-room/join,0.000000,0.000000,0,0,0,0,0,0,0,0,0,0,0,500,0,210,238.6840514140031,43.64580300000398,626.7466020000256,234.376
1789519356,500,GET,/waiting-room/status,102.000000,0.000000,0,0,0,0,0,0,0,0,0,0,0,2735,0,55,104.73877017733088,4.042606999973941,561.6584800000055,239.87678244972577
1789519356,500,,Aggregated,115.800000,0.000000,0,0,0,0,0,0,0,0,0,0,0,3735,0,93,142.64137231914418,4.042606999973941,1306.1449839999568,248.52771084337348
1789519357,500,POST,/checkout,13.800000,0.000000,0,0,0,0,0,0,0,0,0,0,0,500,0,150,253.9259269399999,21.622013000069273,1306.1449839999568,310.0
1789519357,500,POST,/waiting-room/join,0.000000,0.000000,0,0,0,0,0,0,0,0,0,0,0,500,0,210,238.6840514140031,43.64580300000398,626.7466020000256,234.376
1789519357,500,GET,/waiting-room/status,102.000000,0.000000,0,0,0,0,0,0,0,0,0,0,0,2735,0,55,104.73877017733088,4.042606999973941,561.6584800000055,239.87678244972577
1789519357,500,,Aggregated,115.800000,0.000000,0,0,0,0,0,0,0,0,0,0,0,3735,0,93,142.64137231914418,4.042606999973941,1306.1449839999568,248.52771084337348
1789519358,500,POST,/checkout,13.800000,0.000000,0,0,0,0,0,0,0,0,0,0,0,500,0,150,253.9259269399999,21.622013000069273,1306.1449839999568,310.0
1789519358,500,POST,/waiting-room/join,0.000000,0.000000,0,0,0,0,0,0,0,0,0,0,0,500,0,210,238.6840514140031,43.64580300000398,626.7466020000256,234.376
1789519358,500,GET,/waiting-room/status,102.000000,0.000000,0,0,0,0,0,0,0,0,0,0,0,2735,0,55,104.73877017733088,4.042606999973941,561.6584800000055,239.87678244972577
1789519358,500,,Aggregated,115.800000,0.000000,0,0,0,0,0,0,0,0,0,0,0,3735,0,93,142.64137231914418,4.042606999973941,1306.1449839999568,248.52771084337348
1789519359,500,POST,/checkout,13.800000,0.000000,0,0,0,0,0,0,0,0,0,0,0,500,0,150,253.9259269399999,21.622013000069273,1306.1449839999568,310.0
1789519359,500,POST,/waiting-room/join,0.000000,0.000000,0,0,0,0,0,0,0,0,0,0,0,500,0,210,238.6840514140031,43.64580300000398,626.7466020000256,234.376
1789519359,500,GET,/waiting-room/status,102.000000,0.000000,0,0,0,0,0,0,0,0,0,0,0,2735,0,55,104.73877017733088,4.042606999973941,561.6584800000055,239.87678244972577
1789519359,500,,Aggregated,115.800000,0.000000,0,0,0,0,0,0,0,0,0,0,0,3735,0,93,142.64137231914418,4.042606999973941,1306.1449839999568,248.52771084337348
1789519360,500,POST,/checkout,13.800000,0.000000,0,0,0,0,0,0,0,0,0,0,0,500,0,150,253.9259269399999,21.622013000069273,1306.1449839999568,310.0
1789519360,500,POST,/waiting-room/join,0.000000,0.000000,0,0,0,0,0,0,0,0,0,0,0,500,0,210,238.6840514140031,43.64580300000398,626.7466020000256,234.376
1789519360,500,GET,/waiting-room/status,102.000000,0.000000,0,0,0,0,0,0,0,0,0,0,0,2735,0,55,104.73877017733088,4.042606999973941,561.6584800000055,239.87678244972577
1789519360,500,,Aggregated,115.800000,0.000000,0,0,0,0,0,0,0,0,0,0,0,3735,0,93,142.64137231914418,4.042606999973941,1306.1449839999568,248.52771084337348
1789519362,500,POST,/checkout,13.800000,0.000000,0,0,0,0,0,0,0,0,0,0,0,500,0,150,253.9259269399999,21.622013000069273,1306.1449839999568,310.0
1789519362,500,POST,/waiting-room/join,0.000000,0.000000,0,0,0,0,0,0,0,0,0,0,0,500,0,210,238.6840514140031,43.64580300000398,626.7466020000256,234.376
1789519362,500,GET,/waiting-room/status,102.000000,0.000000,0,0,0,0,0,0,0,0,0,0,0,2735,0,55,104.73877017733088,4.042606999973941,561.6584800000055,239.87678244972577
1789519362,500,,Aggregated,115.800000,0.000000,0,0,0,0,0,0,0,0,0,0,0,3735,0,93,142.64137231914418,4.042606999973941,1306.1449839999568,248.52771084337348
1789519363,500,POST,/checkout,13.800000,0.000000,0,0,0,0,0,0,0,0,0,0,0,500,0,150,253.9259269399999,21.622013000069273,1306.1449839999568,310.0
1789519363,500,POST,/waiting-room/join,0.000000,0.000000,0,0,0,0,0,0,0,0,0,0,0,500,0,210,238.6840514140031,43.64580300000398,626.7466020000256,234.376
1789519363,500,GET,/waiting-room/status,102.000000,0.000000,0,0,0,0,0,0,0,0,0,0,0,2735,0,55,104.73877017733088,4.042606999973941,561.6584800000055,239.87678244972577
1789519363,500,,Aggregated,115.800000,0.000000,0,0,0,0,0,0,0,0,0,0,0,3735,0,93,142.64137231914418,4.042606999973941,1306.1449839999568,248.52771084337348
1789519364,500,POST,/checkout,13.800000,0.000000,0,0,0,0,0,0,0,0,0,0,0,500,0,150,253.9259269399999,21.622013000069273,1306.1449839999568,310.0
1789519364,500,POST,/waiting-room/join,0.000000,0.000000,0,0,0,0,0,0,0,0,0,0,0,500,0,210,238.6840514140031,43.64580300000398,626.7466020000256,234.376
1789519364,500,GET,/waiting-room/status,102.000000,0.000000,0,0,0,0,0,0,0,0,0,0,0,2735,0,55,104.73877017733088,4.042606999973941,561.6584800000055,239.87678244972577
1789519364,500,,Aggregated,115.800000,0.000000,0,0,0,0,0,0,0,0,0,0,0,3735,0,93,142.64137231914418,4.042606999973941,1306.1449839999568,248.52771084337348
1789519365,500,POST,/checkout,13.800000,0.000000,0,0,0,0,0,0,0,0,0,0,0,500,0,150,253.9259269399999,21.622013000069273,1306.1449839999568,310.0
1789519365,500,POST,/waiting-room/join,0.000000,0.000000,0,0,0,0,0,0,0,0,0,0,0,500,0,210,238.6840514140031,43.64580300000398,626.7466020000256,234.376
1789519365,500,GET,/waiting-room/status,102.000000,0.000000,0,0,0,0,0,0,0,0,0,0,0,2735,0,55,104.73877017733088,4.042606999973941,561.6584800000055,239.87678244972577
1789519365,500,,Aggregated,115.800000,0.000000,0,0,0,0,0,0,0,0,0,0,0,3735,0,93,142.64137231914418,4.042606999973941,1306.1449839999568,248.52771084337348
1789519366,500,POST,/checkout,13.800000,0.000000,0,0,0,0,0,0,0,0,0,0,0,500,0,150,253.9259269399999,21.622013000069273,1306.1449839999568,310.0
1789519366,500,POST,/waiting-room/join,0.000000,0.000000,0,0,0,0,0,0,0,0,0,0,0,500,0,210,238.6840514140031,43.64580300000398,626.7466020000256,234.376
1789519366,500,GET,/waiting-room/status,102.000000,0.000000,0,0,0,0,0,0,0,0,0,0,0,2735,0,55,104.73877017733088,4.042606999973941,561.6584800000055,239.87678244972577
1789519366,500,,Aggregated,115.800000,0.000000,0,0,0,0,0,0,0,0,0,0,0,3735,0,93,142.64137231914418,4.042606999973941,1306.1449839999568,248.52771084337348
1789519367,500,POST,/checkout,13.800000,0.000000,0,0,0,0,0,0,0,0,0,0,0,500,0,150,253.9259269399999,21.622013000069273,1306.1449839999568,310.0
1789519367,500,POST,/waiting-room/join,0.000000,0.000000,0,0,0,0,0,0,0,0,0,0,0,500,0,210,238.6840514140031,43.64580300000398,626.7466020000256,234.376
1789519367,500,GET,/waiting-room/status,102.000000,0.000000,0,0,0,0,0,0,0,0,0,0,0,2735,0,55,104.73877017733088,4.042606999973941,561.6584800000055,239.87678244972577
1789519367,500,,Aggregated,115.800000,0.000000,0,0,0,0,0,0,0,0,0,0,0,3735,0,93,142.64137231914418,4.042606999973941,1306.1449839999568,248.52771084337348
1789519368,500,POST,/checkout,13.800000,0.000000,0,0,0,0,0,0,0,0,0,0,0,500,0,150,253.9259269399999,21.622013000069273,1306.1449839999568,310.0
1789519368,500,POST,/waiting-room/join,0.000000,0.000000,0,0,0,0,0,0,0,0,0,0,0,500,0,210,238.6840514140031,43.64580300000398,626.7466020000256,234.376
1789519368,500,GET,/waiting-room/status,102.000000,0.000000,0,0,0,0,0,0,0,0,0,0,0,2735,0,55,104.73877017733088,4.042606999973941,561.6584800000055,239.87678244972577
1789519368,500,,Aggregated,115.800000,0.000000,0,0,0,0,0,0,0,0,0,0,0,3735,0,93,142.64137231914418,4.042606999973941,1306.1449839999568,248.52771084337348
1789519369,500,POST,/checkout,13.800000,0.000000,0,0,0,0,0,0,0,0,0,0,0,500,0,150,253.9259269399999,21.622013000069273,1306.1449839999568,310.0
1789519369,500,POST,/waiting-room/join,0.000000,0.000000,0,0,0,0,0,0,0,0,0,0,0,500,0,210,238.6840514140031,43.64580300000398,626.7466020000256,234.376
1789519369,500,GET,/waiting-room/status,102.000000,0.000000,0,0,0,0,0,0,0,0,0,0,0,2735,0,55,104.73877017733088,4.042606999973941,561.6584800000055,239.87678244972577
1789519369,500,,Aggregated,115.800000,0.000000,0,0,0,0,0,0,0,0,0,0,0,3735,0,93,142.64137231914418,4.042606999973941,1306.1449839999568,248.52771084337348
1789519370,500,POST,/checkout,13.800000,0.000000,0,0,0,0,0,0,0,0,0,0,0,500,0,150,253.9259269399999,21.622013000069273,1306.1449839999568,310.0
1789519370,500,POST,/waiting-room/join,0.000000,0.000000,0,0,0,0,0,0,0,0,0,0,0,500,0,210,238.6840514140031,43.64580300000398,626.7466020000256,234.376
1789519370,500,GET,/waiting-room/status,102.000000,0.000000,0,0,0,0,0,0,0,0,0,0,0,2735,0,55,104.73877017733088,4.042606999973941,561.6584800000055,239.87678244972577
1789519370,500,,Aggregated,115.800000,0.000000,0,0,0,0,0,0,0,0,0,0,0,3735,0,93,142.64137231914418,4.042606999973941,1306.1449839999568,248.52771084337348
1789519371,500,POST,/checkout,13.800000,0.000000,0,0,0,0,0,0,0,0,0,0,0,500,0,150,253.9259269399999,21.622013000069273,1306.1449839999568,310.0
1789519371,500,POST,/waiting-room/join,0.000000,0.000000,0,0,0,0,0,0,0,0,0,0,0,500,0,210,238.6840514140031,43.64580300000398,626.7466020000256,234.376
1789519371,500,GET,/waiting-room/status,102.000000,0.000000,0,0,0,0,0,0,0,0,0,0,0,2735,0,55,104.73877017733088,4.042606999973941,561.6584800000055,239.87678244972577
1789519371,500,,Aggregated,115.800000,0.000000,0,0,0,0,0,0,0,0,0,0,0,3735,0,93,142.64137231914418,4.042606999973941,1306.1449839999568,248.52771084337348
1789519372,500,POST,/checkout,13.800000,0.000000,0,0,0,0,0,0,0,0,0,0,0,500,0,150,253.9259269399999,21.622013000069273,1306.1449839999568,310.0
1789519372,500,POST,/waiting-room/join,0.000000,0.000000,0,0,0,0,0,0,0,0,0,0,0,500,0,210,238.6840514140031,43.64580300000398,626.7466020000256,234.376
1789519372,500,GET,/waiting-room/status,102.000000,0.000000,0,0,0,0,0,0,0,0,0,0,0,2735,0,55,104.73877017733088,4.042606999973941,561.6584800000055,239.87678244972577
1789519372,500,,Aggregated,115.800000,0.000000,0,0,0,0,0,0,0,0,0,0,0,3735,0,93,142.64137231914418,4.042606999973941,1306.1449839999568,248.52771084337348
1789519373,500,POST,/checkout,13.800000,0.000000,0,0,0,0,0,0,0,0,0,0,0,500,0,150,253.9259269399999,21.622013000069273,1306.1449839999568,310.0
1789519373,500,POST,/waiting-room/join,0.000000,0.000000,0,0,0,0,0,0,0,0,0,0,0,500,0,210,238.6840514140031,43.64580300000398,626.7466020000256,234.376
1789519373,500,GET,/waiting-room/status,102.000000,0.000000,0,0,0,0,0,0,0,0,0,0,0,2735,0,55,104.73877017733088,4.042606999973941,561.6584800000055,239.87678244972577
1789519373,500,,Aggregated,115.800000,0.000000,0,0,0,0,0,0,0,0,0,0,0,3735,0,93,142.64137231914418,4.042606999973941,1306.1449839999568,248.52771084337348
1789519374,500,POST,/checkout,13.800000,0.000000,0,0,0,0,0,0,0,0,0,0,0,500,0,150,253.9259269399999,21.622013000069273,1306.1449839999568,310.0
1789519374,500,POST,/waiting-room/join,0.000000,0.000000,0,0,0,0,0,0,0,0,0,0,0,500,0,210,238.6840514140031,43.64580300000398,626.7466020000256,234.376
1789519374,500,GET,/waiting-room/status,102.000000,0.000000,0,0,0,0,0,0,0,0,0,0,0,2735,0,55,104.73877017733088,4.042606999973941,561.6584800000055,239.87678244972577
1789519374,500,,Aggregated,115.800000,0.000000,0,0,0,0,0,0,0,0,0,0,0,3735,0,93,142.64137231914418,4.042606999973941,1306.1449839999568,248.52771084337348
1789519375,500,POST,/checkout,13.800000,0.000000,0,0,0,0,0,0,0,0,0,0,0,500,0,150,253.9259269399999,21.622013000069273,1306.1449839999568,310.0
1789519375,500,POST,/waiting-room/join,0.000000,0.000000,0,0,0,0,0,0,0,0,0,0,0,500,0,210,238.6840514140031,43.64580300000398,626.7466020000256,234.376
1789519375,500,GET,/waiting-room/status,102.000000,0.000000,0,0,0,0,0,0,0,0,0,0,0,2735,0,55,104.73877017733088,4.042606999973941,561.6584800000055,239.87678244972577
1789519375,500,,Aggregated,115.800000,0.000000,0,0,0,0,0,0,0,0,0,0,0,3735,0,93,142.64137231914418,4.042606999973941,1306.1449839999568,248.52771084337348
1789519376,500,POST,/checkout,13.800000,0.000000,0,0,0,0,0,0,0,0,0,0,0,500,0,150,253.9259269399999,21.622013000069273,1306.1449839999568,310.0
1789519376,500,POST,/waiting-room/join,0.000000,0.000000,0,0,0,0,0,0,0,0,0,0,0,500,0,210,238.6840514140031,43.64580300000398,626.7466020000256,234.376
1789519376,500,GET,/waiting-room/status,102.000000,0.000000,0,0,0,0,0,0,0,0,0,0,0,2735,0,55,104.73877017733088,4.042606999973941,561.6584800000055,239.87678244972577
1789519376,500,,Aggregated,115.800000,0.000000,0,0,0,0,0,0,0,0,0,0,0,3735,0,93,142.64137231914418,4.042606999973941,1306.1449839999568,248.52771084337348
1789519377,500,POST,/checkout,13.800000,0.000000,0,0,0,0,0,0,0,0,0,0,0,500,0,150,253.9259269399999,21.622013000069273,1306.1449839999568,310.0
1789519377,500,POST,/waiting-room/join,0.000000,0.000000,0,0,0,0,0,0,0,0,0,0,0,500,0,210,238.6840514140031,43.64580300000398,626.7466020000256,234.376
1789519377,500,GET,/waiting-room/status,102.000000,0.000000,0,0,0,0,0,0,0,0,0,0,0,2735,0,55,104.73877017733088,4.042606999973941,561.6584800000055,239.87678244972577
1789519377,500,,Aggregated,115.800000,0.000000,0,0,0,0,0,0,0,0,0,0,0,3735,0,93,142.64137231914418,4.042606999973941,1306.1449839999568,248.52771084337348
1789519378,500,POST,/checkout,13.800000,0.000000,0,0,0,0,0,0,0,0,0,0,0,500,0,150,253.9259269399999,21.622013000069273,1306.1449839999568,310.0
1789519378,500,POST,/waiting-room/join,0.000000,0.000000,0,0,0,0,0,0,0,0,0,0,0,500,0,210,238.6840514140031,43.64580300000398,626.7466020000256,234.376
1789519378,500,GET,/waiting-room/status,102.000000,0.000000,0,0,0,0,0,0,0,0,0,0,0,2735,0,55,104.73877017733088,4.042606999973941,561.6584800000055,239.87678244972577
1789519378,500,,Aggregated,115.800000,0.000000,0,0,0,0,0,0,0,0,0,0,0,3735,0,93,142.64137231914418,4.042606999973941,1306.1449839999568,248.52771084337348
1789519379,500,POST,/checkout,13.800000,0.000000,0,0,0,0,0,0,0,0,0,0,0,500,0,150,253.9259269399999,21.622013000069273,1306.1449839999568,310.0
1789519379,500,POST,/waiting-room/join,0.000000,0.000000,0,0,0,0,0,0,0,0,0,0,0,500,0,210,238.6840514140031,43.64580300000398,626.7466020000256,234.376
1789519379,500,GET,/waiting-room/status,102.000000,0.000000,0,0,0,0,0,0,0,0,0,0,0,2735,0,55,104.73877017733088,4.042606999973941,561.6584800000055,239.87678244972577
1789519379,500,,Aggregated,115.800000,0.000000,0,0,0,0,0,0,0,0,0,0,0,3735,0,93,142.64137231914418,4.042606999973941,1306.1449839999568,248.52771084337348
1789519380,500,POST,/checkout,13.800000,0.000000,0,0,0,0,0,0,0,0,0,0,0,500,0,150,253.9259269399999,21.622013000069273,1306.1449839999568,310.0
1789519380,500,POST,/waiting-room/join,0.000000,0.000000,0,0,0,0,0,0,0,0,0,0,0,500,0,210,238.6840514140031,43.64580300000398,626.7466020000256,234.376
1789519380,500,GET,/waiting-room/status,102.000000,0.000000,0,0,0,0,0,0,0,0,0,0,0,2735,0,55,104.73877017733088,4.042606999973941,561.6584800000055,239.87678244972577
1789519380,500,,Aggregated,115.800000,0.000000,0,0,0,0,0,0,0,0,0,0,0,3735,0,93,142.64137231914418,4.042606999973941,1306.1449839999568,248.52771084337348
1789519381,500,POST,/checkout,13.800000,0.000000,0,0,0,0,0,0,0,0,0,0,0,500,0,150,253.9259269399999,21.622013000069273,1306.1449839999568,310.0
1789519381,500,POST,/waiting-room/join,0.000000,0.000000,0,0,0,0,0,0,0,0,0,0,0,500,0,210,238.6840514140031,43.64580300000398,626.7466020000256,234.376
1789519381,500,GET,/waiting-room/status,102.000000,0.000000,0,0,0,0,0,0,0,0,0,0,0,2735,0,55,104.73877017733088,4.042606999973941,561.6584800000055,239.87678244972577
1789519381,500,,Aggregated,115.800000,0.000000,0,0,0,0,0,0,0,0,0,0,0,3735,0,93,142.64137231914418,4.042606999973941,1306.1449839999568,248.52771084337348
1789519382,500,POST,/checkout,13.800000,0.000000,0,0,0,0,0,0,0,0,0,0,0,500,0,150,253.9259269399999,21.622013000069273,1306.1449839999568,310.0
1789519382,500,POST,/waiting-room/join,0.000000,0.000000,0,0,0,0,0,0,0,0,0,0,0,500,0,210,238.6840514140031,43.64580300000398,626.7466020000256,234.376
1789519382,500,GET,/waiting-room/status,102.000000,0.000000,0,0,0,0,0,0,0,0,0,0,0,2735,0,55,104.73877017733088,4.042606999973941,561.6584800000055,239.87678244972577
1789519382,500,,Aggregated,115.800000,0.000000,0,0,0,0,0,0,0,0,0,0,0,3735,0,93,142.64137231914418,4.042606999973941,1306.1449839999568,248.52771084337348
1789519383,500,POST,/checkout,13.800000,0.000000,0,0,0,0,0,0,0,0,0,0,0,500,0,150,253.9259269399999,21.622013000069273,1306.1449839999568,310.0
1789519383,500,POST,/waiting-room/join,0.000000,0.000000,0,0,0,0,0,0,0,0,0,0,0,500,0,210,238.6840514140031,43.64580300000398,626.7466020000256,234.376
1789519383,500,GET,/waiting-room/status,102.000000,0.000000,0,0,0,0,0,0,0,0,0,0,0,2735,0,55,104.73877017733088,4.042606999973941,561.6584800000055,239.87678244972577
1789519383,500,,Aggregated,115.800000,0.000000,0,0,0,0,0,0,0,0,0,0,0,3735,0,93,142.64137231914418,4.042606999973941,1306.1449839999568,248.52771084337348
1789519384,500,POST,/checkout,13.800000,0.000000,0,0,0,0,0,0,0,0,0,0,0,500,0,150,253.9259269399999,21.622013000069273,1306.1449839999568,310.0
1789519384,500,POST,/waiting-room/join,0.000000,0.000000,0,0,0,0,0,0,0,0,0,0,0,500,0,210,238.6840514140031,43.64580300000398,626.7466020000256,234.376
1789519384,500,GET,/waiting-room/status,102.000000,0.000000,0,0,0,0,0,0,0,0,0,0,0,2735,0,55,104.73877017733088,4.042606999973941,561.6584800000055,239.87678244972577
1789519384,500,,Aggregated,115.800000,0.000000,0,0,0,0,0,0,0,0,0,0,0,3735,0,93,142.64137231914418,4.042606999973941,1306.1449839999568,248.52771084337348
1789519385,500,POST,/checkout,13.800000,0.000000,0,0,0,0,0,0,0,0,0,0,0,500,0,150,253.9259269399999,21.622013000069273,1306.1449839999568,310.0
1789519385,500,POST,/waiting-room/join,0.000000,0.000000,0,0,0,0,0,0,0,0,0,0,0,500,0,210,238.6840514140031,43.64580300000398,626.7466020000256,234.376
1789519385,500,GET,/waiting-room/status,102.000000,0.000000,0,0,0,0,0,0,0,0,0,0,0,2735,0,55,104.73877017733088,4.042606999973941,561.6584800000055,239.87678244972577
1789519385,500,,Aggregated,115.800000,0.000000,0,0,0,0,0,0,0,0,0,0,0,3735,0,93,142.64137231914418,4.042606999973941,1306.1449839999568,248.52771084337348
1789519386,500,POST,/checkout,13.800000,0.000000,0,0,0,0,0,0,0,0,0,0,0,500,0,150,253.9259269399999,21.622013000069273,1306.1449839999568,310.0
1789519386,500,POST,/waiting-room/join,0.000000,0.000000,0,0,0,0,0,0,0,0,0,0,0,500,0,210,238.6840514140031,43.64580300000398,626.7466020000256,234.376
1789519386,500,GET,/waiting-room/status,102.000000,0.000000,0,0,0,0,0,0,0,0,0,0,0,2735,0,55,104.73877017733088,4.042606999973941,561.6584800000055,239.87678244972577
1789519386,500,,Aggregated,115.800000,0.000000,0,0,0,0,0,0,0,0,0,0,0,3735,0,93,142.64137231914418,4.042606999973941,1306.1449839999568,248.52771084337348
1789519388,500,POST,/checkout,13.800000,0.000000,0,0,0,0,0,0,0,0,0,0,0,500,0,150,253.9259269399999,21.622013000069273,1306.1449839999568,310.0
1789519388,500,POST,/waiting-room/join,0.000000,0.000000,0,0,0,0,0,0,0,0,0,0,0,500,0,210,238.6840514140031,43.64580300000398,626.7466020000256,234.376
1789519388,500,GET,/waiting-room/status,102.000000,0.000000,0,0,0,0,0,0,0,0,0,0,0,2735,0,55,104.73877017733088,4.042606999973941,561.6584800000055,239.87678244972577
1789519388,500,,Aggregated,115.800000,0.000000,0,0,0,0,0,0,0,0,0,0,0,3735,0,93,142.64137231914418,4.042606999973941,1306.1449839999568,248.52771084337348
1789519389,500,POST,/checkout,13.800000,0.000000,0,0,0,0,0,0,0,0,0,0,0,500,0,150,253.9259269399999,21.622013000069273,1306.1449839999568,310.0
1789519389,500,POST,/waiting-room/join,0.000000,0.000000,0,0,0,0,0,0,0,0,0,0,0,500,0,210,238.6840514140031,43.64580300000398,626.7466020000256,234.376
1789519389,500,GET,/waiting-room/status,102.000000,0.000000,0,0,0,0,0,0,0,0,0,0,0,2735,0,55,104.73877017733088,4.042606999973941,561.6584800000055,239.87678244972577
1789519389,500,,Aggregated,115.800000,0.000000,0,0,0,0,0,0,0,0,0,0,0,3735,0,93,142.64137231914418,4.042606999973941,1306.1449839999568,248.52771084337348
1789519390,500,POST,/checkout,13.800000,0.000000,0,0,0,0,0,0,0,0,0,0,0,500,0,150,253.9259269399999,21.622013000069273,1306.1449839999568,310.0
1789519390,500,POST,/waiting-room/join,0.000000,0.000000,0,0,0,0,0,0,0,0,0,0,0,500,0,210,238.6840514140031,43.64580300000398,626.7466020000256,234.376
1789519390,500,GET,/waiting-room/status,102.000000,0.000000,0,0,0,0,0,0,0,0,0,0,0,2735,0,55,104.73877017733088,4.042606999973941,561.6584800000055,239.87678244972577
1789519390,500,,Aggregated,115.800000,0.000000,0,0,0,0,0,0,0,0,0,0,0,3735,0,93,142.64137231914418,4.042606999973941,1306.1449839999568,248.52771084337348
1789519391,500,POST,/checkout,13.800000,0.000000,0,0,0,0,0,0,0,0,0,0,0,500,0,150,253.9259269399999,21.622013000069273,1306.1449839999568,310.0
1789519391,500,POST,/waiting-room/join,0.000000,0.000000,0,0,0,0,0,0,0,0,0,0,0,500,0,210,238.6840514140031,43.64580300000398,626.7466020000256,234.376
1789519391,500,GET,/waiting-room/status,102.000000,0.000000,0,0,0,0,0,0,0,0,0,0,0,2735,0,55,104.73877017733088,4.042606999973941,561.6584800000055,239.87678244972577
1789519391,500,,Aggregated,115.800000,0.000000,0,0,0,0,0,0,0,0,0,0,0,3735,0,93,142.64137231914418,4.042606999973941,1306.1449839999568,248.52771084337348
1789519392,500,POST,/checkout,13.800000,0.000000,0,0,0,0,0,0,0,0,0,0,0,500,0,150,253.9259269399999,21.622013000069273,1306.1449839999568,310.0
1789519392,500,POST,/waiting-room/join,0.000000,0.000000,0,0,0,0,0,0,0,0,0,0,0,500,0,210,238.6840514140031,43.64580300000398,626.7466020000256,234.376
1789519392,500,GET,/waiting-room/status,102.000000,0.000000,0,0,0,0,0,0,0,0,0,0,0,2735,0,55,104.73877017733088,4.042606999973941,561.6584800000055,239.87678244972577
1789519392,500,,Aggregated,115.800000,0.000000,0,0,0,0,0,0,0,0,0,0,0,3735,0,93,142.64137231914418,4.042606999973941,1306.1449839999568,248.52771084337348
1789519393,500,POST,/checkout,13.800000,0.000000,0,0,0,0,0,0,0,0,0,0,0,500,0,150,253.9259269399999,21.622013000069273,1306.1449839999568,310.0
1789519393,500,POST,/waiting-room/join,0.000000,0.000000,0,0,0,0,0,0,0,0,0,0,0,500,0,210,238.6840514140031,43.64580300000398,626.7466020000256,234.376
1789519393,500,GET,/waiting-room/status,102.000000,0.000000,0,0,0,0,0,0,0,0,0,0,0,2735,0,55,104.73877017733088,4.042606999973941,561.6584800000055,239.87678244972577
1789519393,500,,Aggregated,115.800000,0.000000,0,0,0,0,0,0,0,0,0,0,0,3735,0,93,142.64137231914418,4.042606999973941,1306.1449839999568,248.52771084337348
1789519394,500,POST,/checkout,13.800000,0.000000,0,0,0,0,0,0,0,0,0,0,0,500,0,150,253.9259269399999,21.622013000069273,1306.1449839999568,310.0
1789519394,500,POST,/waiting-room/join,0.000000,0.000000,0,0,0,0,0,0,0,0,0,0,0,500,0,210,238.6840514140031,43.64580300000398,626.7466020000256,234.376
1789519394,500,GET,/waiting-room/status,102.000000,0.000000,0,0,0,0,0,0,0,0,0,0,0,2735,0,55,104.73877017733088,4.042606999973941,561.6584800000055,239.87678244972577
1789519394,500,,Aggregated,115.800000,0.000000,0,0,0,0,0,0,0,0,0,0,0,3735,0,93,142.64137231914418,4.042606999973941,1306.1449839999568,248.52771084337348
1789519395,500,POST,/checkout,13.800000,0.000000,0,0,0,0,0,0,0,0,0,0,0,500,0,150,253.9259269399999,21.622013000069273,1306.1449839999568,310.0
1789519395,500,POST,/waiting-room/join,0.000000,0.000000,0,0,0,0,0,0,0,0,0,0,0,500,0,210,238.6840514140031,43.64580300000398,626.7466020000256,234.376
1789519395,500,GET,/waiting-room/status,102.000000,0.000000,0,0,0,0,0,0,0,0,0,0,0,2735,0,55,104.73877017733088,4.042606999973941,561.6584800000055,239.87678244972577
1789519395,500,,Aggregated,115.800000,0.000000,0,0,0,0,0,0,0,0,0,0,0,3735,0,93,142.64137231914418,4.042606999973941,1306.1449839999568,248.52771084337348
1789519396,500,POST,/checkout,13.800000,0.000000,0,0,0,0,0,0,0,0,0,0,0,500,0,150,253.9259269399999,21.622013000069273,1306.1449839999568,310.0
1789519396,500,POST,/waiting-room/join,0.000000,0.000000,0,0,0,0,0,0,0,0,0,0,0,500,0,210,238.6840514140031,43.64580300000398,626.7466020000256,234.376
1789519396,500,GET,/waiting-room/status,102.000000,0.000000,0,0,0,0,0,0,0,0,0,0,0,2735,0,55,104.73877017733088,4.042606999973941,561.6584800000055,239.87678244972577
1789519396,500,,Aggregated,115.800000,0.000000,0,0,0,0,0,0,0,0,0,0,0,3735,0,93,142.64137231914418,4.042606999973941,1306.1449839999568,248.52771084337348
1789519397,500,POST,/checkout,13.800000,0.000000,0,0,0,0,0,0,0,0,0,0,0,500,0,150,253.9259269399999,21.622013000069273,1306.1449839999568,310.0
1789519397,500,POST,/waiting-room/join,0.000000,0.000000,0,0,0,0,0,0,0,0,0,0,0,500,0,210,238.6840514140031,43.64580300000398,626.7466020000256,234.376
1789519397,500,GET,/waiting-room/status,102.000000,0.000000,0,0,0,0,0,0,0,0,0,0,0,2735,0,55,104.73877017733088,4.042606999973941,561.6584800000055,239.87678244972577
1789519397,500,,Aggregated,115.800000,0.000000,0,0,0,0,0,0,0,0,0,0,0,3735,0,93,142.64137231914418,4.042606999973941,1306.1449839999568,248.52771084337348
1789519398,500,POST,/checkout,13.800000,0.000000,0,0,0,0,0,0,0,0,0,0,0,500,0,150,253.9259269399999,21.622013000069273,1306.1449839999568,310.0
1789519398,500,POST,/waiting-room/join,0.000000,0.000000,0,0,0,0,0,0,0,0,0,0,0,500,0,210,238.6840514140031,43.64580300000398,626.7466020000256,234.376
1789519398,500,GET,/waiting-room/status,102.000000,0.000000,0,0,0,0,0,0,0,0,0,0,0,2735,0,55,104.73877017733088,4.042606999973941,561.6584800000055,239.87678244972577
1789519398,500,,Aggregated,115.800000,0.000000,0,0,0,0,0,0,0,0,0,0,0,3735,0,93,142.64137231914418,4.042606999973941,1306.1449839999568,248.52771084337348
1789519399,500,POST,/checkout,13.800000,0.000000,0,0,0,0,0,0,0,0,0,0,0,500,0,150,253.9259269399999,21.622013000069273,1306.1449839999568,310.0
1789519399,500,POST,/waiting-room/join,0.000000,0.000000,0,0,0,0,0,0,0,0,0,0,0,500,0,210,238.6840514140031,43.64580300000398,626.7466020000256,234.376
1789519399,500,GET,/waiting-room/status,102.000000,0.000000,0,0,0,0,0,0,0,0,0,0,0,2735,0,55,104.73877017733088,4.042606999973941,561.6584800000055,239.87678244972577
1789519399,500,,Aggregated,115.800000,0.000000,0,0,0,0,0,0,0,0,0,0,0,3735,0,93,142.64137231914418,4.042606999973941,1306.1449839999568,248.52771084337348
1789519400,500,POST,/checkout,13.800000,0.000000,0,0,0,0,0,0,0,0,0,0,0,500,0,150,253.9259269399999,21.622013000069273,1306.1449839999568,310.0
1789519400,500,POST,/waiting-room/join,0.000000,0.000000,0,0,0,0,0,0,0,0,0,0,0,500,0,210,238.6840514140031,43.64580300000398,626.7466020000256,234.376
1789519400,500,GET,/waiting-room/status,102.000000,0.000000,0,0,0,0,0,0,0,0,0,0,0,2735,0,55,104.73877017733088,4.042606999973941,561.6584800000055,239.87678244972577
1789519400,500,,Aggregated,115.800000,0.000000,0,0,0,0,0,0,0,0,0,0,0,3735,0,93,142.64137231914418,4.042606999973941,1306.1449839999568,248.52771084337348
1789519401,500,POST,/checkout,13.800000,0.000000,0,0,0,0,0,0,0,0,0,0,0,500,0,150,253.9259269399999,21.622013000069273,1306.1449839999568,310.0
1789519401,500,POST,/waiting-room/join,0.000000,0.000000,0,0,0,0,0,0,0,0,0,0,0,500,0,210,238.6840514140031,43.64580300000398,626.7466020000256,234.376
1789519401,500,GET,/waiting-room/status,102.000000,0.000000,0,0,0,0,0,0,0,0,0,0,0,2735,0,55,104.73877017733088,4.042606999973941,561.6584800000055,239.87678244972577
1789519401,500,,Aggregated,115.800000,0.000000,0,0,0,0,0,0,0,0,0,0,0,3735,0,93,142.64137231914418,4.042606999973941,1306.1449839999568,248.52771084337348
1789519402,500,POST,/checkout,13.800000,0.000000,0,0,0,0,0,0,0,0,0,0,0,500,0,150,253.9259269399999,21.622013000069273,1306.1449839999568,310.0
1789519402,500,POST,/waiting-room/join,0.000000,0.000000,0,0,0,0,0,0,0,0,0,0,0,500,0,210,238.6840514140031,43.64580300000398,626.7466020000256,234.376
1789519402,500,GET,/waiting-room/status,102.000000,0.000000,0,0,0,0,0,0,0,0,0,0,0,2735,0,55,104.73877017733088,4.042606999973941,561.6584800000055,239.87678244972577
1789519402,500,,Aggregated,115.800000,0.000000,0,0,0,0,0,0,0,0,0,0,0,3735,0,93,142.64137231914418,4.042606999973941,1306.1449839999568,248.52771084337348
1789519403,500,POST,/checkout,13.800000,0.000000,0,0,0,0,0,0,0,0,0,0,0,500,0,150,253.9259269399999,21.622013000069273,1306.1449839999568,310.0
1789519403,500,POST,/waiting-room/join,0.000000,0.000000,0,0,0,0,0,0,0,0,0,0,0,500,0,210,238.6840514140031,43.64580300000398,626.7466020000256,234.376
1789519403,500,GET,/waiting-room/status,102.000000,0.000000,0,0,0,0,0,0,0,0,0,0,0,2735,0,55,104.73877017733088,4.042606999973941,561.6584800000055,239.87678244972577
1789519403,500,,Aggregated,115.800000,0.000000,0,0,0,0,0,0,0,0,0,0,0,3735,0,93,142.64137231914418,4.042606999973941,1306.1449839999568,248.52771084337348
1789519404,500,POST,/checkout,13.800000,0.000000,0,0,0,0,0,0,0,0,0,0,0,500,0,150,253.9259269399999,21.622013000069273,1306.1449839999568,310.0
1789519404,500,POST,/waiting-room/join,0.000000,0.000000,0,0,0,0,0,0,0,0,0,0,0,500,0,210,238.6840514140031,43.64580300000398,626.7466020000256,234.376
1789519404,500,GET,/waiting-room/status,102.000000,0.000000,0,0,0,0,0,0,0,0,0,0,0,2735,0,55,104.73877017733088,4.042606999973941,561.6584800000055,239.87678244972577
1789519404,500,,Aggregated,115.800000,0.000000,0,0,0,0,0,0,0,0,0,0,0,3735,0,93,142.64137231914418,4.042606999973941,1306.1449839999568,248.52771084337348
1789519405,500,POST,/checkout,13.800000,0.000000,0,0,0,0,0,0,0,0,0,0,0,500,0,150,253.9259269399999,21.622013000069273,1306.1449839999568,310.0
1789519405,500,POST,/waiting-room/join,0.000000,0.000000,0,0,0,0,0,0,0,0,0,0,0,500,0,210,238.6840514140031,43.64580300000398,626.7466020000256,234.376
1789519405,500,GET,/waiting-room/status,102.000000,0.000000,0,0,0,0,0,0,0,0,0,0,0,2735,0,55,104.73877017733088,4.042606999973941,561.6584800000055,239.87678244972577
1789519405,500,,Aggregated,115.800000,0.000000,0,0,0,0,0,0,0,0,0,0,0,3735,0,93,142.64137231914418,4.042606999973941,1306.1449839999568,248.52771084337348
1789519406,500,POST,/checkout,13.800000,0.000000,0,0,0,0,0,0,0,0,0,0,0,500,0,150,253.9259269399999,21.622013000069273,1306.1449839999568,310.0
1789519406,500,POST,/waiting-room/join,0.000000,0.000000,0,0,0,0,0,0,0,0,0,0,0,500,0,210,238.6840514140031,43.64580300000398,626.7466020000256,234.376
1789519406,500,GET,/waiting-room/status,102.000000,0.000000,0,0,0,0,0,0,0,0,0,0,0,2735,0,55,104.73877017733088,4.042606999973941,561.6584800000055,239.87678244972577
1789519406,500,,Aggregated,115.800000,0.000000,0,0,0,0,0,0,0,0,0,0,0,3735,0,93,142.64137231914418,4.042606999973941,1306.1449839999568,248.52771084337348
1789519407,500,POST,/checkout,13.800000,0.000000,0,0,0,0,0,0,0,0,0,0,0,500,0,150,253.9259269399999,21.622013000069273,1306.1449839999568,310.0
1789519407,500,POST,/waiting-room/join,0.000000,0.000000,0,0,0,0,0,0,0,0,0,0,0,500,0,210,238.6840514140031,43.64580300000398,626.7466020000256,234.376
1789519407,500,GET,/waiting-room/status,102.000000,0.000000,0,0,0,0,0,0,0,0,0,0,0,2735,0,55,104.73877017733088,4.042606999973941,561.6584800000055,239.87678244972577
1789519407,500,,Aggregated,115.800000,0.000000,0,0,0,0,0,0,0,0,0,0,0,3735,0,93,142.64137231914418,4.042606999973941,1306.1449839999568,248.52771084337348
1789519408,500,POST,/checkout,13.800000,0.000000,0,0,0,0,0,0,0,0,0,0,0,500,0,150,253.9259269399999,21.622013000069273,1306.1449839999568,310.0
1789519408,500,POST,/waiting-room/join,0.000000,0.000000,0,0,0,0,0,0,0,0,0,0,0,500,0,210,238.6840514140031,43.64580300000398,626.7466020000256,234.376
1789519408,500,GET,/waiting-room/status,102.000000,0.000000,0,0,0,0,0,0,0,0,0,0,0,2735,0,55,104.73877017733088,4.042606999973941,561.6584800000055,239.87678244972577
1789519408,500,,Aggregated,115.800000,0.000000,0,0,0,0,0,0,0,0,0,0,0,3735,0,93,142.64137231914418,4.042606999973941,1306.1449839999568,248.52771084337348
1789519409,500,POST,/checkout,13.800000,0.000000,0,0,0,0,0,0,0,0,0,0,0,500,0,150,253.9259269399999,21.622013000069273,1306.1449839999568,310.0
1789519409,500,POST,/waiting-room/join,0.000000,0.000000,0,0,0,0,0,0,0,0,0,0,0,500,0,210,238.6840514140031,43.64580300000398,626.7466020000256,234.376
1789519409,500,GET,/waiting-room/status,102.000000,0.000000,0,0,0,0,0,0,0,0,0,0,0,2735,0,55,104.73877017733088,4.042606999973941,561.6584800000055,239.87678244972577
1789519409,500,,Aggregated,115.800000,0.000000,0,0,0,0,0,0,0,0,0,0,0,3735,0,93,142.64137231914418,4.042606999973941,1306.1449839999568,248.52771084337348
1789519410,500,POST,/checkout,13.800000,0.000000,0,0,0,0,0,0,0,0,0,0,0,500,0,150,253.9259269399999,21.622013000069273,1306.1449839999568,310.0
1789519410,500,POST,/waiting-room/join,0.000000,0.000000,0,0,0,0,0,0,0,0,0,0,0,500,0,210,238.6840514140031,43.64580300000398,626.7466020000256,234.376
1789519410,500,GET,/waiting-room/status,102.000000,0.000000,0,0,0,0,0,0,0,0,0,0,0,2735,0,55,104.73877017733088,4.042606999973941,561.6584800000055,239.87678244972577
1789519410,500,,Aggregated,115.800000,0.000000,0,0,0,0,0,0,0,0,0,0,0,3735,0,93,142.64137231914418,4.042606999973941,1306.1449839999568,248.52771084337348
1789519411,500,POST,/checkout,13.800000,0.000000,0,0,0,0,0,0,0,0,0,0,0,500,0,150,253.9259269399999,21.622013000069273,1306.1449839999568,310.0
1789519411,500,POST,/waiting-room/join,0.000000,0.000000,0,0,0,0,0,0,0,0,0,0,0,500,0,210,238.6840514140031,43.64580300000398,626.7466020000256,234.376
1789519411,500,GET,/waiting-room/status,102.000000,0.000000,0,0,0,0,0,0,0,0,0,0,0,2735,0,55,104.73877017733088,4.042606999973941,561.6584800000055,239.87678244972577
1789519411,500,,Aggregated,115.800000,0.000000,0,0,0,0,0,0,0,0,0,0,0,3735,0,93,142.64137231914418,4.042606999973941,1306.1449839999568,248.52771084337348
1789519412,500,POST,/checkout,13.800000,0.000000,0,0,0,0,0,0,0,0,0,0,0,500,0,150,253.9259269399999,21.622013000069273,1306.1449839999568,310.0
1789519412,500,POST,/waiting-room/join,0.000000,0.000000,0,0,0,0,0,0,0,0,0,0,0,500,0,210,238.6840514140031,43.64580300000398,626.7466020000256,234.376
1789519412,500,GET,/waiting-room/status,102.000000,0.000000,0,0,0,0,0,0,0,0,0,0,0,2735,0,55,104.73877017733088,4.042606999973941,561.6584800000055,239.87678244972577
1789519412,500,,Aggregated,115.800000,0.000000,0,0,0,0,0,0,0,0,0,0,0,3735,0,93,142.64137231914418,4.042606999973941,1306.1449839999568,248.52771084337348
1789519413,500,POST,/checkout,13.800000,0.000000,0,0,0,0,0,0,0,0,0,0,0,500,0,150,253.9259269399999,21.622013000069273,1306.1449839999568,310.0
1789519413,500,POST,/waiting-room/join,0.000000,0.000000,0,0,0,0,0,0,0,0,0,0,0,500,0,210,238.6840514140031,43.64580300000398,626.7466020000256,234.376
1789519413,500,GET,/waiting-room/status,102.000000,0.000000,0,0,0,0,0,0,0,0,0,0,0,2735,0,55,104.73877017733088,4.042606999973941,561.6584800000055,239.87678244972577
1789519413,500,,Aggregated,115.800000,0.000000,0,0,0,0,0,0,0,0,0,0,0,3735,0,93,142.64137231914418,4.042606999973941,1306.1449839999568,248.52771084337348
1789519414,500,POST,/checkout,13.800000,0.000000,0,0,0,0,0,0,0,0,0,0,0,500,0,150,253.9259269399999,21.622013000069273,1306.1449839999568,310.0
1789519414,500,POST,/waiting-room/join,0.000000,0.000000,0,0,0,0,0,0,0,0,0,0,0,500,0,210,238.6840514140031,43.64580300000398,626.7466020000256,234.376
1789519414,500,GET,/waiting-room/status,102.000000,0.000000,0,0,0,0,0,0,0,0,0,0,0,2735,0,55,104.73877017733088,4.042606999973941,561.6584800000055,239.87678244972577
1789519414,500,,Aggregated,115.800000,0.000000,0,0,0,0,0,0,0,0,0,0,0,3735,0,93,142.64137231914418,4.042606999973941,1306.1449839999568,248.52771084337348
1789519415,500,POST,/checkout,13.800000,0.000000,0,0,0,0,0,0,0,0,0,0,0,500,0,150,253.9259269399999,21.622013000069273,1306.1449839999568,310.0
1789519415,500,POST,/waiting-room/join,0.000000,0.000000,0,0,0,0,0,0,0,0,0,0,0,500,0,210,238.6840514140031,43.64580300000398,626.7466020000256,234.376
1789519415,500,GET,/waiting-room/status,102.000000,0.000000,0,0,0,0,0,0,0,0,0,0,0,2735,0,55,104.73877017733088,4.042606999973941,561.6584800000055,239.87678244972577
1789519415,500,,Aggregated,115.800000,0.000000,0,0,0,0,0,0,0,0,0,0,0,3735,0,93,142.64137231914418,4.042606999973941,1306.1449839999568,248.52771084337348
1789519416,500,POST,/checkout,13.800000,0.000000,0,0,0,0,0,0,0,0,0,0,0,500,0,150,253.9259269399999,21.622013000069273,1306.1449839999568,310.0
1789519416,500,POST,/waiting-room/join,0.000000,0.000000,0,0,0,0,0,0,0,0,0,0,0,500,0,210,238.6840514140031,43.64580300000398,626.7466020000256,234.376
1789519416,500,GET,/waiting-room/status,102.000000,0.000000,0,0,0,0,0,0,0,0,0,0,0,2735,0,55,104.73877017733088,4.042606999973941,561.6584800000055,239.87678244972577
1789519416,500,,Aggregated,115.800000,0.000000,0,0,0,0,0,0,0,0,0,0,0,3735,0,93,142.64137231914418,4.042606999973941,1306.1449839999568,248.52771084337348
1789519417,500,POST,/checkout,13.800000,0.000000,0,0,0,0,0,0,0,0,0,0,0,500,0,150,253.9259269399999,21.622013000069273,1306.1449839999568,310.0
1789519417,500,POST,/waiting-room/join,0.000000,0.000000,0,0,0,0,0,0,0,0,0,0,0,500,0,210,238.6840514140031,43.64580300000398,626.7466020000256,234.376
1789519417,500,GET,/waiting-room/status,102.000000,0.000000,0,0,0,0,0,0,0,0,0,0,0,2735,0,55,104.73877017733088,4.042606999973941,561.6584800000055,239.87678244972577
1789519417,500,,Aggregated,115.800000,0.000000,0,0,0,0,0,0,0,0,0,0,0,3735,0,93,142.64137231914418,4.042606999973941,1306.1449839999568,248.52771084337348
1789519418,500,POST,/checkout,13.800000,0.000000,0,0,0,0,0,0,0,0,0,0,0,500,0,150,253.9259269399999,21.622013000069273,1306.1449839999568,310.0
1789519418,500,POST,/waiting-room/join,0.000000,0.000000,0,0,0,0,0,0,0,0,0,0,0,500,0,210,238.6840514140031,43.64580300000398,626.7466020000256,234.376
1789519418,500,GET,/waiting-room/status,102.000000,0.000000,0,0,0,0,0,0,0,0,0,0,0,2735,0,55,104.73877017733088,4.042606999973941,561.6584800000055,239.87678244972577
1789519418,500,,Aggregated,115.800000,0.000000,0,0,0,0,0,0,0,0,0,0,0,3735,0,93,142.64137231914418,4.042606999973941,1306.1449839999568,248.52771084337348
1789519419,500,POST,/checkout,13.800000,0.000000,0,0,0,0,0,0,0,0,0,0,0,500,0,150,253.9259269399999,21.622013000069273,1306.1449839999568,310.0
1789519419,500,POST,/waiting-room/join,0.000000,0.000000,0,0,0,0,0,0,0,0,0,0,0,500,0,210,238.6840514140031,43.64580300000398,626.7466020000256,234.376
1789519419,500,GET,/waiting-room/status,102.000000,0.000000,0,0,0,0,0,0,0,0,0,0,0,2735,0,55,104.73877017733088,4.042606999973941,561.6584800000055,239.87678244972577
1789519419,500,,Aggregated,115.800000,0.000000,0,0,0,0,0,0,0,0,0,0,0,3735,0,93,142.64137231914418,4.042606999973941,1306.1449839999568,248.52771084337348
1789519420,500,POST,/checkout,13.800000,0.000000,0,0,0,0,0,0,0,0,0,0,0,500,0,150,253.9259269399999,21.622013000069273,1306.1449839999568,310.0
1789519420,500,POST,/waiting-room/join,0.000000,0.000000,0,0,0,0,0,0,0,0,0,0,0,500,0,210,238.6840514140031,43.64580300000398,626.7466020000256,234.376
1789519420,500,GET,/waiting-room/status,102.000000,0.000000,0,0,0,0,0,0,0,0,0,0,0,2735,0,55,104.73877017733088,4.042606999973941,561.6584800000055,239.87678244972577
1789519420,500,,Aggregated,115.800000,0.000000,0,0,0,0,0,0,0,0,0,0,0,3735,0,93,142.64137231914418,4.042606999973941,1306.1449839999568,248.52771084337348
1789519421,500,POST,/checkout,13.800000,0.000000,0,0,0,0,0,0,0,0,0,0,0,500,0,150,253.9259269399999,21.622013000069273,1306.1449839999568,310.0
1789519421,500,POST,/waiting-room/join,0.000000,0.000000,0,0,0,0,0,0,0,0,0,0,0,500,0,210,238.6840514140031,43.64580300000398,626.7466020000256,234.376
1789519421,500,GET,/waiting-room/status,102.000000,0.000000,0,0,0,0,0,0,0,0,0,0,0,2735,0,55,104.73877017733088,4.042606999973941,561.6584800000055,239.87678244972577
1789519421,500,,Aggregated,115.800000,0.000000,0,0,0,0,0,0,0,0,0,0,0,3735,0,93,142.64137231914418,4.042606999973941,1306.1449839999568,248.52771084337348
1789519422,500,POST,/checkout,13.800000,0.000000,0,0,0,0,0,0,0,0,0,0,0,500,0,150,253.9259269399999,21.622013000069273,1306.1449839999568,310.0
1789519422,500,POST,/waiting-room/join,0.000000,0.000000,0,0,0,0,0,0,0,0,0,0,0,500,0,210,238.6840514140031,43.64580300000398,626.7466020000256,234.376
1789519422,500,GET,/waiting-room/status,102.000000,0.000000,0,0,0,0,0,0,0,0,0,0,0,2735,0,55,104.73877017733088,4.042606999973941,561.6584800000055,239.87678244972577
1789519422,500,,Aggregated,115.800000,0.000000,0,0,0,0,0,0,0,0,0,0,0,3735,0,93,142.64137231914418,4.042606999973941,1306.1449839999568,248.52771084337348
1789519423,500,POST,/checkout,13.800000,0.000000,0,0,0,0,0,0,0,0,0,0,0,500,0,150,253.9259269399999,21.622013000069273,1306.1449839999568,310.0
1789519423,500,POST,/waiting-room/join,0.000000,0.000000,0,0,0,0,0,0,0,0,0,0,0,500,0,210,238.6840514140031,43.64580300000398,626.7466020000256,234.376
1789519423,500,GET,/waiting-room/status,102.000000,0.000000,0,0,0,0,0,0,0,0,0,0,0,2735,0,55,104.73877017733088,4.042606999973941,561.6584800000055,239.87678244972577
1789519423,500,,Aggregated,115.800000,0.000000,0,0,0,0,0,0,0,0,0,0,0,3735,0,93,142.64137231914418,4.042606999973941,1306.1449839999568,248.52771084337348
1789519424,500,POST,/checkout,13.800000,0.000000,0,0,0,0,0,0,0,0,0,0,0,500,0,150,253.9259269399999,21.622013000069273,1306.1449839999568,310.0
1789519424,500,POST,/waiting-room/join,0.000000,0.000000,0,0,0,0,0,0,0,0,0,0,0,500,0,210,238.6840514140031,43.64580300000398,626.7466020000256,234.376
1789519424,500,GET,/waiting-room/status,102.000000,0.000000,0,0,0,0,0,0,0,0,0,0,0,2735,0,55,104.73877017733088,4.042606999973941,561.6584800000055,239.87678244972577
1789519424,500,,Aggregated,115.800000,0.000000,0,0,0,0,0,0,0,0,0,0,0,3735,0,93,142.64137231914418,4.042606999973941,1306.1449839999568,248.52771084337348
1789519425,500,POST,/checkout,13.800000,0.000000,0,0,0,0,0,0,0,0,0,0,0,500,0,150,253.9259269399999,21.622013000069273,1306.1449839999568,310.0
1789519425,500,POST,/waiting-room/join,0.000000,0.000000,0,0,0,0,0,0,0,0,0,0,0,500,0,210,238.6840514140031,43.64580300000398,626.7466020000256,234.376
1789519425,500,GET,/waiting-room/status,102.000000,0.000000,0,0,0,0,0,0,0,0,0,0,0,2735,0,55,104.73877017733088,4.042606999973941,561.6584800000055,239.87678244972577
1789519425,500,,Aggregated,115.800000,0.000000,0,0,0,0,0,0,0,0,0,0,0,3735,0,93,142.64137231914418,4.042606999973941,1306.1449839999568,248.52771084337348
1789519426,500,POST,/checkout,13.800000,0.000000,0,0,0,0,0,0,0,0,0,0,0,500,0,150,253.9259269399999,21.622013000069273,1306.1449839999568,310.0
1789519426,500,POST,/waiting-room/join,0.000000,0.000000,0,0,0,0,0,0,0,0,0,0,0,500,0,210,238.6840514140031,43.64580300000398,626.7466020000256,234.376
1789519426,500,GET,/waiting-room/status,102.000000,0.000000,0,0,0,0,0,0,0,0,0,0,0,2735,0,55,104.73877017733088,4.042606999973941,561.6584800000055,239.87678244972577
1789519426,500,,Aggregated,115.800000,0.000000,0,0,0,0,0,0,0,0,0,0,0,3735,0,93,142.64137231914418,4.042606999973941,1306.1449839999568,248.52771084337348
1789519427,500,POST,/checkout,13.800000,0.000000,0,0,0,0,0,0,0,0,0,0,0,500,0,150,253.9259269399999,21.622013000069273,1306.1449839999568,310.0
1789519427,500,POST,/waiting-room/join,0.000000,0.000000,0,0,0,0,0,0,0,0,0,0,0,500,0,210,238.6840514140031,43.64580300000398,626.7466020000256,234.376
1789519427,500,GET,/waiting-room/status,102.000000,0.000000,0,0,0,0,0,0,0,0,0,0,0,2735,0,55,104.73877017733088,4.042606999973941,561.6584800000055,239.87678244972577
1789519427,500,,Aggregated,115.800000,0.000000,0,0,0,0,0,0,0,0,0,0,0,3735,0,93,142.64137231914418,4.042606999973941,1306.1449839999568,248.52771084337348
1789519428,500,POST,/checkout,13.800000,0.000000,0,0,0,0,0,0,0,0,0,0,0,500,0,150,253.9259269399999,21.622013000069273,1306.1449839999568,310.0
1789519428,500,POST,/waiting-room/join,0.000000,0.000000,0,0,0,0,0,0,0,0,0,0,0,500,0,210,238.6840514140031,43.64580300000398,626.7466020000256,234.376
1789519428,500,GET,/waiting-room/status,102.000000,0.000000,0,0,0,0,0,0,0,0,0,0,0,2735,0,55,104.73877017733088,4.042606999973941,561.6584800000055,239.87678244972577
1789519428,500,,Aggregated,115.800000,0.000000,0,0,0,0,0,0,0,0,0,0,0,3735,0,93,142.64137231914418,4.042606999973941,1306.1449839999568,248.52771084337348
1789519429,500,POST,/checkout,13.800000,0.000000,0,0,0,0,0,0,0,0,0,0,0,500,0,150,253.9259269399999,21.622013000069273,1306.1449839999568,310.0
1789519429,500,POST,/waiting-room/join,0.000000,0.000000,0,0,0,0,0,0,0,0,0,0,0,500,0,210,238.6840514140031,43.64580300000398,626.7466020000256,234.376
1789519429,500,GET,/waiting-room/status,102.000000,0.000000,0,0,0,0,0,0,0,0,0,0,0,2735,0,55,104.73877017733088,4.042606999973941,561.6584800000055,239.87678244972577
1789519429,500,,Aggregated,115.800000,0.000000,0,0,0,0,0,0,0,0,0,0,0,3735,0,93,142.64137231914418,4.042606999973941,1306.1449839999568,248.52771084337348
1789519430,500,POST,/checkout,13.800000,0.000000,0,0,0,0,0,0,0,0,0,0,0,500,0,150,253.9259269399999,21.622013000069273,1306.1449839999568,310.0
1789519430,500,POST,/waiting-room/join,0.000000,0.000000,0,0,0,0,0,0,0,0,0,0,0,500,0,210,238.6840514140031,43.64580300000398,626.7466020000256,234.376
1789519430,500,GET,/waiting-room/status,102.000000,0.000000,0,0,0,0,0,0,0,0,0,0,0,2735,0,55,104.73877017733088,4.042606999973941,561.6584800000055,239.87678244972577
1789519430,500,,Aggregated,115.800000,0.000000,0,0,0,0,0,0,0,0,0,0,0,3735,0,93,142.64137231914418,4.042606999973941,1306.1449839999568,248.52771084337348
1789519431,500,POST,/checkout,13.800000,0.000000,0,0,0,0,0,0,0,0,0,0,0,500,0,150,253.9259269399999,21.622013000069273,1306.1449839999568,310.0
1789519431,500,POST,/waiting-room/join,0.000000,0.000000,0,0,0,0,0,0,0,0,0,0,0,500,0,210,238.6840514140031,43.64580300000398,626.7466020000256,234.376
1789519431,500,GET,/waiting-room/status,102.000000,0.000000,0,0,0,0,0,0,0,0,0,0,0,2735,0,55,104.73877017733088,4.042606999973941,561.6584800000055,239.87678244972577
1789519431,500,,Aggregated,115.800000,0.000000,0,0,0,0,0,0,0,0,0,0,0,3735,0,93,142.64137231914418,4.042606999973941,1306.1449839999568,248.52771084337348
1789519432,500,POST,/checkout,13.800000,0.000000,0,0,0,0,0,0,0,0,0,0,0,500,0,150,253.9259269399999,21.622013000069273,1306.1449839999568,310.0
1789519432,500,POST,/waiting-room/join,0.000000,0.000000,0,0,0,0,0,0,0,0,0,0,0,500,0,210,238.6840514140031,43.64580300000398,626.7466020000256,234.376
1789519432,500,GET,/waiting-room/status,102.000000,0.000000,0,0,0,0,0,0,0,0,0,0,0,2735,0,55,104.73877017733088,4.042606999973941,561.6584800000055,239.87678244972577
1789519432,500,,Aggregated,115.800000,0.000000,0,0,0,0,0,0,0,0,0,0,0,3735,0,93,142.64137231914418,4.042606999973941,1306.1449839999568,248.52771084337348
1789519433,500,POST,/checkout,13.800000,0.000000,0,0,0,0,0,0,0,0,0,0,0,500,0,150,253.9259269399999,21.622013000069273,1306.1449839999568,310.0
1789519433,500,POST,/waiting-room/join,0.000000,0.000000,0,0,0,0,0,0,0,0,0,0,0,500,0,210,238.6840514140031,43.64580300000398,626.7466020000256,234.376
1789519433,500,GET,/waiting-room/status,102.000000,0.000000,0,0,0,0,0,0,0,0,0,0,0,2735,0,55,104.73877017733088,4.042606999973941,561.6584800000055,239.87678244972577
1789519433,500,,Aggregated,115.800000,0.000000,0,0,0,0,0,0,0,0,0,0,0,3735,0,93,142.64137231914418,4.042606999973941,1306.1449839999568,248.52771084337348
1789519434,500,POST,/checkout,13.800000,0.000000,0,0,0,0,0,0,0,0,0,0,0,500,0,150,253.9259269399999,21.622013000069273,1306.1449839999568,310.0
1789519434,500,POST,/waiting-room/join,0.000000,0.000000,0,0,0,0,0,0,0,0,0,0,0,500,0,210,238.6840514140031,43.64580300000398,626.7466020000256,234.376
1789519434,500,GET,/waiting-room/status,102.000000,0.000000,0,0,0,0,0,0,0,0,0,0,0,2735,0,55,104.73877017733088,4.042606999973941,561.6584800000055,239.87678244972577
1789519434,500,,Aggregated,115.800000,0.000000,0,0,0,0,0,0,0,0,0,0,0,3735,0,93,142.64137231914418,4.042606999973941,1306.1449839999568,248.52771084337348
1789519435,500,POST,/checkout,13.800000,0.000000,0,0,0,0,0,0,0,0,0,0,0,500,0,150,253.9259269399999,21.622013000069273,1306.1449839999568,310.0
1789519435,500,POST,/waiting-room/join,0.000000,0.000000,0,0,0,0,0,0,0,0,0,0,0,500,0,210,238.6840514140031,43.64580300000398,626.7466020000256,234.376
1789519435,500,GET,/waiting-room/status,102.000000,0.000000,0,0,0,0,0,0,0,0,0,0,0,2735,0,55,104.73877017733088,4.042606999973941,561.6584800000055,239.87678244972577
1789519435,500,,Aggregated,115.800000,0.000000,0,0,0,0,0,0,0,0,0,0,0,3735,0,93,142.64137231914418,4.042606999973941,1306.1449839999568,248.52771084337348
1789519437,500,POST,/checkout,13.800000,0.000000,0,0,0,0,0,0,0,0,0,0,0,500,0,150,253.9259269399999,21.622013000069273,1306.1449839999568,310.0
1789519437,500,POST,/waiting-room/join,0.000000,0.000000,0,0,0,0,0,0,0,0,0,0,0,500,0,210,238.6840514140031,43.64580300000398,626.7466020000256,234.376
1789519437,500,GET,/waiting-room/status,102.000000,0.000000,0,0,0,0,0,0,0,0,0,0,0,2735,0,55,104.73877017733088,4.042606999973941,561.6584800000055,239.87678244972577
1789519437,500,,Aggregated,115.800000,0.000000,0,0,0,0,0,0,0,0,0,0,0,3735,0,93,142.64137231914418,4.042606999973941,1306.1449839999568,248.52771084337348
1789519438,500,POST,/checkout,13.800000,0.000000,0,0,0,0,0,0,0,0,0,0,0,500,0,150,253.9259269399999,21.622013000069273,1306.1449839999568,310.0
1789519438,500,POST,/waiting-room/join,0.000000,0.000000,0,0,0,0,0,0,0,0,0,0,0,500,0,210,238.6840514140031,43.64580300000398,626.7466020000256,234.376
1789519438,500,GET,/waiting-room/status,102.000000,0.000000,0,0,0,0,0,0,0,0,0,0,0,2735,0,55,104.73877017733088,4.042606999973941,561.6584800000055,239.87678244972577
1789519438,500,,Aggregated,115.800000,0.000000,0,0,0,0,0,0,0,0,0,0,0,3735,0,93,142.64137231914418,4.042606999973941,1306.1449839999568,248.52771084337348
1789519439,500,POST,/checkout,13.800000,0.000000,0,0,0,0,0,0,0,0,0,0,0,500,0,150,253.9259269399999,21.622013000069273,1306.1449839999568,310.0
1789519439,500,POST,/waiting-room/join,0.000000,0.000000,0,0,0,0,0,0,0,0,0,0,0,500,0,210,238.6840514140031,43.64580300000398,626.7466020000256,234.376
1789519439,500,GET,/waiting-room/status,102.000000,0.000000,0,0,0,0,0,0,0,0,0,0,0,2735,0,55,104.73877017733088,4.042606999973941,561.6584800000055,239.87678244972577
1789519439,500,,Aggregated,115.800000,0.000000,0,0,0,0,0,0,0,0,0,0,0,3735,0,93,142.64137231914418,4.042606999973941,1306.1449839999568,248.52771084337348
1789519440,500,POST,/checkout,13.800000,0.000000,0,0,0,0,0,0,0,0,0,0,0,500,0,150,253.9259269399999,21.622013000069273,1306.1449839999568,310.0
1789519440,500,POST,/waiting-room/join,0.000000,0.000000,0,0,0,0,0,0,0,0,0,0,0,500,0,210,238.6840514140031,43.64580300000398,626.7466020000256,234.376
1789519440,500,GET,/waiting-room/status,102.000000,0.000000,0,0,0,0,0,0,0,0,0,0,0,2735,0,55,104.73877017733088,4.042606999973941,561.6584800000055,239.87678244972577
1789519440,500,,Aggregated,115.800000,0.000000,0,0,0,0,0,0,0,0,0,0,0,3735,0,93,142.64137231914418,4.042606999973941,1306.1449839999568,248.52771084337348
1789519441,500,POST,/checkout,13.800000,0.000000,0,0,0,0,0,0,0,0,0,0,0,500,0,150,253.9259269399999,21.622013000069273,1306.1449839999568,310.0
1789519441,500,POST,/waiting-room/join,0.000000,0.000000,0,0,0,0,0,0,0,0,0,0,0,500,0,210,238.6840514140031,43.64580300000398,626.7466020000256,234.376
1789519441,500,GET,/waiting-room/status,102.000000,0.000000,0,0,0,0,0,0,0,0,0,0,0,2735,0,55,104.73877017733088,4.042606999973941,561.6584800000055,239.87678244972577
1789519441,500,,Aggregated,115.800000,0.000000,0,0,0,0,0,0,0,0,0,0,0,3735,0,93,142.64137231914418,4.042606999973941,1306.1449839999568,248.52771084337348
1789519442,500,POST,/checkout,13.800000,0.000000,0,0,0,0,0,0,0,0,0,0,0,500,0,150,253.9259269399999,21.622013000069273,1306.1449839999568,310.0
1789519442,500,POST,/waiting-room/join,0.000000,0.000000,0,0,0,0,0,0,0,0,0,0,0,500,0,210,238.6840514140031,43.64580300000398,626.7466020000256,234.376
1789519442,500,GET,/waiting-room/status,102.000000,0.000000,0,0,0,0,0,0,0,0,0,0,0,2735,0,55,104.73877017733088,4.042606999973941,561.6584800000055,239.87678244972577
1789519442,500,,Aggregated,115.800000,0.000000,0,0,0,0,0,0,0,0,0,0,0,3735,0,93,142.64137231914418,4.042606999973941,1306.1449839999568,248.52771084337348
1789519443,500,POST,/checkout,13.800000,0.000000,0,0,0,0,0,0,0,0,0,0,0,500,0,150,253.9259269399999,21.622013000069273,1306.1449839999568,310.0
1789519443,500,POST,/waiting-room/join,0.000000,0.000000,0,0,0,0,0,0,0,0,0,0,0,500,0,210,238.6840514140031,43.64580300000398,626.7466020000256,234.376
1789519443,500,GET,/waiting-room/status,102.000000,0.000000,0,0,0,0,0,0,0,0,0,0,0,2735,0,55,104.73877017733088,4.042606999973941,561.6584800000055,239.87678244972577
1789519443,500,,Aggregated,115.800000,0.000000,0,0,0,0,0,0,0,0,0,0,0,3735,0,93,142.64137231914418,4.042606999973941,1306.1449839999568,248.52771084337348
1789519444,500,POST,/checkout,13.800000,0.000000,0,0,0,0,0,0,0,0,0,0,0,500,0,150,253.9259269399999,21.622013000069273,1306.1449839999568,310.0
1789519444,500,POST,/waiting-room/join,0.000000,0.000000,0,0,0,0,0,0,0,0,0,0,0,500,0,210,238.6840514140031,43.64580300000398,626.7466020000256,234.376
1789519444,500,GET,/waiting-room/status,102.000000,0.000000,0,0,0,0,0,0,0,0,0,0,0,2735,0,55,104.73877017733088,4.042606999973941,561.6584800000055,239.87678244972577
1789519444,500,,Aggregated,115.800000,0.000000,0,0,0,0,0,0,0,0,0,0,0,3735,0,93,142.64137231914418,4.042606999973941,1306.1449839999568,248.52771084337348
1789519445,500,POST,/checkout,13.800000,0.000000,0,0,0,0,0,0,0,0,0,0,0,500,0,150,253.9259269399999,21.622013000069273,1306.1449839999568,310.0
1789519445,500,POST,/waiting-room/join,0.000000,0.000000,0,0,0,0,0,0,0,0,0,0,0,500,0,210,238.6840514140031,43.64580300000398,626.7466020000256,234.376
1789519445,500,GET,/waiting-room/status,102.000000,0.000000,0,0,0,0,0,0,0,0,0,0,0,2735,0,55,104.73877017733088,4.042606999973941,561.6584800000055,239.87678244972577
1789519445,500,,Aggregated,115.800000,0.000000,0,0,0,0,0,0,0,0,0,0,0,3735,0,93,142.64137231914418,4.042606999973941,1306.1449839999568,248.52771084337348
1789519446,500,POST,/checkout,13.800000,0.000000,0,0,0,0,0,0,0,0,0,0,0,500,0,150,253.9259269399999,21.622013000069273,1306.1449839999568,310.0
1789519446,500,POST,/waiting-room/join,0.000000,0.000000,0,0,0,0,0,0,0,0,0,0,0,500,0,210,238.6840514140031,43.64580300000398,626.7466020000256,234.376
1789519446,500,GET,/waiting-room/status,102.000000,0.000000,0,0,0,0,0,0,0,0,0,0,0,2735,0,55,104.73877017733088,4.042606999973941,561.6584800000055,239.87678244972577
1789519446,500,,Aggregated,115.800000,0.000000,0,0,0,0,0,0,0,0,0,0,0,3735,0,93,142.64137231914418,4.042606999973941,1306.1449839999568,248.52771084337348
1789519447,500,POST,/checkout,13.800000,0.000000,0,0,0,0,0,0,0,0,0,0,0,500,0,150,253.9259269399999,21.622013000069273,1306.1449839999568,310.0
1789519447,500,POST,/waiting-room/join,0.000000,0.000000,0,0,0,0,0,0,0,0,0,0,0,500,0,210,238.6840514140031,43.64580300000398,626.7466020000256,234.376
1789519447,500,GET,/waiting-room/status,102.000000,0.000000,0,0,0,0,0,0,0,0,0,0,0,2735,0,55,104.73877017733088,4.042606999973941,561.6584800000055,239.87678244972577
1789519447,500,,Aggregated,115.800000,0.000000,0,0,0,0,0,0,0,0,0,0,0,3735,0,93,142.64137231914418,4.042606999973941,1306.1449839999568,248.52771084337348
1789519448,500,POST,/checkout,13.800000,0.000000,0,0,0,0,0,0,0,0,0,0,0,500,0,150,253.9259269399999,21.622013000069273,1306.1449839999568,310.0
1789519448,500,POST,/waiting-room/join,0.000000,0.000000,0,0,0,0,0,0,0,0,0,0,0,500,0,210,238.6840514140031,43.64580300000398,626.7466020000256,234.376
1789519448,500,GET,/waiting-room/status,102.000000,0.000000,0,0,0,0,0,0,0,0,0,0,0,2735,0,55,104.73877017733088,4.042606999973941,561.6584800000055,239.87678244972577
1789519448,500,,Aggregated,115.800000,0.000000,0,0,0,0,0,0,0,0,0,0,0,3735,0,93,142.64137231914418,4.042606999973941,1306.1449839999568,248.52771084337348
